# Blender 4.5.3 LTS
# www.blender.org
o Cube.003
v -9.000000 0.000000 -0.980001
v -10.000000 0.000000 -0.980001
v -9.000000 0.000000 -1.020001
v -10.000000 0.000000 -1.020001
v -9.000000 0.000000 -1.980000
v -10.000000 0.000000 -1.980000
v -9.000000 0.000000 -2.020000
v -10.000000 0.000000 -2.020000
v -9.000000 0.000000 -2.979999
v -10.000000 0.000000 -2.979999
v -9.000000 0.000000 -3.019999
v -10.000000 0.000000 -3.019999
v -9.000000 0.000000 -3.979998
v -10.000000 0.000000 -3.979998
v -9.000000 0.000000 -4.019998
v -10.000000 0.000000 -4.019998
v -9.000000 0.000000 -4.979997
v -10.000000 0.000000 -4.979997
v -9.000000 0.000000 -5.019997
v -10.000000 0.000000 -5.019997
v -9.000000 0.000000 -5.979996
v -10.000000 0.000000 -5.979996
v -9.000000 0.000000 -6.019996
v -10.000000 0.000000 -6.019996
v -8.999999 0.000000 -6.979995
v -9.999999 0.000000 -6.979995
v -8.999999 0.000000 -7.019995
v -9.999999 0.000000 -7.019995
v -8.999999 0.000000 -7.979994
v -9.999999 0.000000 -7.979995
v -8.999999 0.000000 -8.019994
v -9.999999 0.000000 -8.019994
v -8.999999 0.000000 -8.979993
v -9.999999 0.000000 -8.979993
v -8.999999 0.000000 -9.019994
v -9.999999 0.000000 -9.019994
v -8.000000 0.000000 -0.980001
v -9.000000 0.000000 -0.980001
v -8.000000 0.000000 -1.020001
v -9.000000 0.000000 -1.020001
v -8.000000 0.000000 -1.980000
v -9.000000 0.000000 -1.980000
v -8.000000 0.000000 -2.020000
v -9.000000 0.000000 -2.020000
v -8.000000 0.000000 -2.979999
v -9.000000 0.000000 -2.979999
v -8.000000 0.000000 -3.019999
v -9.000000 0.000000 -3.019999
v -8.000000 0.000000 -3.979998
v -9.000000 0.000000 -3.979998
v -8.000000 0.000000 -4.019998
v -9.000000 0.000000 -4.019998
v -8.000000 0.000000 -4.979997
v -9.000000 0.000000 -4.979997
v -8.000000 0.000000 -5.019997
v -9.000000 0.000000 -5.019997
v -8.000000 0.000000 -5.979996
v -9.000000 0.000000 -5.979996
v -8.000000 0.000000 -6.019996
v -9.000000 0.000000 -6.019996
v -8.000000 0.000000 -6.979995
v -8.999999 0.000000 -6.979995
v -8.000000 0.000000 -7.019995
v -8.999999 0.000000 -7.019995
v -8.000000 0.000000 -7.979994
v -8.999999 0.000000 -7.979994
v -8.000000 0.000000 -8.019994
v -8.999999 0.000000 -8.019994
v -8.000000 0.000000 -8.979993
v -8.999999 0.000000 -8.979993
v -8.000000 0.000000 -9.019994
v -8.999999 0.000000 -9.019994
v -7.000000 0.000000 -0.980001
v -8.000000 0.000000 -0.980001
v -7.000000 0.000000 -1.020000
v -8.000000 0.000000 -1.020001
v -7.000000 0.000000 -1.980000
v -8.000000 0.000000 -1.980000
v -7.000000 0.000000 -2.020000
v -8.000000 0.000000 -2.020000
v -7.000000 0.000000 -2.979999
v -8.000000 0.000000 -2.979999
v -7.000000 0.000000 -3.019999
v -8.000000 0.000000 -3.019999
v -7.000000 0.000000 -3.979997
v -8.000000 0.000000 -3.979998
v -7.000000 0.000000 -4.019998
v -8.000000 0.000000 -4.019998
v -7.000000 0.000000 -4.979997
v -8.000000 0.000000 -4.979997
v -7.000000 0.000000 -5.019997
v -8.000000 0.000000 -5.019997
v -7.000000 0.000000 -5.979996
v -8.000000 0.000000 -5.979996
v -7.000000 0.000000 -6.019996
v -8.000000 0.000000 -6.019996
v -7.000000 0.000000 -6.979995
v -8.000000 0.000000 -6.979995
v -7.000000 0.000000 -7.019995
v -8.000000 0.000000 -7.019995
v -7.000000 0.000000 -7.979994
v -8.000000 0.000000 -7.979994
v -7.000000 0.000000 -8.019994
v -8.000000 0.000000 -8.019994
v -7.000000 0.000000 -8.979993
v -8.000000 0.000000 -8.979993
v -7.000000 0.000000 -9.019994
v -8.000000 0.000000 -9.019994
v -6.000000 0.000000 -0.980001
v -7.000000 0.000000 -0.980001
v -6.000000 0.000000 -1.020000
v -7.000000 0.000000 -1.020000
v -6.000000 0.000000 -1.980000
v -7.000000 0.000000 -1.980000
v -6.000000 0.000000 -2.020000
v -7.000000 0.000000 -2.020000
v -6.000000 0.000000 -2.979999
v -7.000000 0.000000 -2.979999
v -6.000000 0.000000 -3.019999
v -7.000000 0.000000 -3.019999
v -6.000000 0.000000 -3.979997
v -7.000000 0.000000 -3.979997
v -6.000000 0.000000 -4.019998
v -7.000000 0.000000 -4.019998
v -6.000000 0.000000 -4.979997
v -7.000000 0.000000 -4.979997
v -6.000000 0.000000 -5.019997
v -7.000000 0.000000 -5.019997
v -6.000000 0.000000 -5.979996
v -7.000000 0.000000 -5.979996
v -6.000000 0.000000 -6.019996
v -7.000000 0.000000 -6.019996
v -6.000000 0.000000 -6.979995
v -7.000000 0.000000 -6.979995
v -6.000000 0.000000 -7.019995
v -7.000000 0.000000 -7.019995
v -6.000000 0.000000 -7.979994
v -7.000000 0.000000 -7.979994
v -6.000000 0.000000 -8.019993
v -7.000000 0.000000 -8.019994
v -6.000000 0.000000 -8.979992
v -7.000000 0.000000 -8.979993
v -6.000000 0.000000 -9.019993
v -7.000000 0.000000 -9.019994
v -5.000000 0.000000 -0.980000
v -6.000000 0.000000 -0.980001
v -5.000000 0.000000 -1.020000
v -6.000000 0.000000 -1.020000
v -5.000000 0.000000 -1.979999
v -6.000000 0.000000 -1.980000
v -5.000000 0.000000 -2.020000
v -6.000000 0.000000 -2.020000
v -5.000000 0.000000 -2.979999
v -6.000000 0.000000 -2.979999
v -5.000000 0.000000 -3.019999
v -6.000000 0.000000 -3.019999
v -5.000000 0.000000 -3.979997
v -6.000000 0.000000 -3.979997
v -5.000000 0.000000 -4.019998
v -6.000000 0.000000 -4.019998
v -5.000000 0.000000 -4.979997
v -6.000000 0.000000 -4.979997
v -5.000000 0.000000 -5.019997
v -6.000000 0.000000 -5.019997
v -5.000000 0.000000 -5.979996
v -6.000000 0.000000 -5.979996
v -5.000000 0.000000 -6.019996
v -6.000000 0.000000 -6.019996
v -5.000000 0.000000 -6.979995
v -6.000000 0.000000 -6.979995
v -5.000000 0.000000 -7.019995
v -6.000000 0.000000 -7.019995
v -5.000000 0.000000 -7.979994
v -6.000000 0.000000 -7.979994
v -5.000000 0.000000 -8.019993
v -6.000000 0.000000 -8.019993
v -5.000000 0.000000 -8.979992
v -6.000000 0.000000 -8.979992
v -5.000000 0.000000 -9.019993
v -6.000000 0.000000 -9.019993
v -4.000000 0.000000 -0.980000
v -5.000000 0.000000 -0.980000
v -4.000000 0.000000 -1.020000
v -5.000000 0.000000 -1.020000
v -4.000000 0.000000 -1.979999
v -5.000000 0.000000 -1.979999
v -4.000000 0.000000 -2.019999
v -5.000000 0.000000 -2.020000
v -4.000000 0.000000 -2.979998
v -5.000000 0.000000 -2.979999
v -4.000000 0.000000 -3.019998
v -5.000000 0.000000 -3.019999
v -4.000000 0.000000 -3.979997
v -5.000000 0.000000 -3.979997
v -4.000000 0.000000 -4.019998
v -5.000000 0.000000 -4.019998
v -3.999999 0.000000 -4.979997
v -5.000000 0.000000 -4.979997
v -3.999999 0.000000 -5.019997
v -5.000000 0.000000 -5.019997
v -3.999999 0.000000 -5.979996
v -5.000000 0.000000 -5.979996
v -3.999999 0.000000 -6.019996
v -5.000000 0.000000 -6.019996
v -3.999999 0.000000 -6.979995
v -5.000000 0.000000 -6.979995
v -3.999999 0.000000 -7.019995
v -5.000000 0.000000 -7.019995
v -3.999999 0.000000 -7.979994
v -5.000000 0.000000 -7.979994
v -3.999999 0.000000 -8.019993
v -5.000000 0.000000 -8.019993
v -3.999999 0.000000 -8.979992
v -5.000000 0.000000 -8.979992
v -3.999999 0.000000 -9.019993
v -5.000000 0.000000 -9.019993
v -3.000000 0.000000 -0.980000
v -4.000000 0.000000 -0.980000
v -3.000000 0.000000 -1.020000
v -4.000000 0.000000 -1.020000
v -3.000000 0.000000 -1.979999
v -4.000000 0.000000 -1.979999
v -3.000000 0.000000 -2.019999
v -4.000000 0.000000 -2.019999
v -3.000000 0.000000 -2.979998
v -4.000000 0.000000 -2.979998
v -3.000000 0.000000 -3.019998
v -4.000000 0.000000 -3.019998
v -3.000000 0.000000 -3.979997
v -4.000000 0.000000 -3.979997
v -3.000000 0.000000 -4.019997
v -4.000000 0.000000 -4.019998
v -3.000000 0.000000 -4.979996
v -3.999999 0.000000 -4.979997
v -3.000000 0.000000 -5.019996
v -3.999999 0.000000 -5.019997
v -3.000000 0.000000 -5.979995
v -3.999999 0.000000 -5.979996
v -3.000000 0.000000 -6.019995
v -3.999999 0.000000 -6.019996
v -3.000000 0.000000 -6.979994
v -3.999999 0.000000 -6.979995
v -3.000000 0.000000 -7.019994
v -3.999999 0.000000 -7.019995
v -2.999999 0.000000 -7.979994
v -3.999999 0.000000 -7.979994
v -2.999999 0.000000 -8.019993
v -3.999999 0.000000 -8.019993
v -2.999999 0.000000 -8.979992
v -3.999999 0.000000 -8.979992
v -2.999999 0.000000 -9.019993
v -3.999999 0.000000 -9.019993
v -2.000000 0.000000 -0.980000
v -3.000000 0.000000 -0.980000
v -2.000000 0.000000 -1.020000
v -3.000000 0.000000 -1.020000
v -2.000000 0.000000 -1.979999
v -3.000000 0.000000 -1.979999
v -2.000000 0.000000 -2.019999
v -3.000000 0.000000 -2.019999
v -2.000000 0.000000 -2.979998
v -3.000000 0.000000 -2.979998
v -2.000000 0.000000 -3.019998
v -3.000000 0.000000 -3.019998
v -2.000000 0.000000 -3.979997
v -3.000000 0.000000 -3.979997
v -2.000000 0.000000 -4.019997
v -3.000000 0.000000 -4.019997
v -2.000000 0.000000 -4.979996
v -3.000000 0.000000 -4.979996
v -2.000000 0.000000 -5.019996
v -3.000000 0.000000 -5.019996
v -2.000000 0.000000 -5.979995
v -3.000000 0.000000 -5.979995
v -2.000000 0.000000 -6.019995
v -3.000000 0.000000 -6.019995
v -2.000000 0.000000 -6.979994
v -3.000000 0.000000 -6.979994
v -2.000000 0.000000 -7.019994
v -3.000000 0.000000 -7.019994
v -1.999999 0.000000 -7.979994
v -2.999999 0.000000 -7.979994
v -1.999999 0.000000 -8.019993
v -2.999999 0.000000 -8.019993
v -1.999999 0.000000 -8.979992
v -2.999999 0.000000 -8.979992
v -1.999999 0.000000 -9.019993
v -2.999999 0.000000 -9.019993
v -1.000000 0.000000 -0.980000
v -2.000000 0.000000 -0.980000
v -1.000000 0.000000 -1.020000
v -2.000000 0.000000 -1.020000
v -1.000000 0.000000 -1.979999
v -2.000000 0.000000 -1.979999
v -1.000000 0.000000 -2.019999
v -2.000000 0.000000 -2.019999
v -1.000000 0.000000 -2.979998
v -2.000000 0.000000 -2.979998
v -1.000000 0.000000 -3.019998
v -2.000000 0.000000 -3.019998
v -1.000000 0.000000 -3.979997
v -2.000000 0.000000 -3.979997
v -1.000000 0.000000 -4.019997
v -2.000000 0.000000 -4.019997
v -1.000000 0.000000 -4.979996
v -2.000000 0.000000 -4.979996
v -1.000000 0.000000 -5.019996
v -2.000000 0.000000 -5.019996
v -1.000000 0.000000 -5.979995
v -2.000000 0.000000 -5.979995
v -1.000000 0.000000 -6.019995
v -2.000000 0.000000 -6.019995
v -0.999999 0.000000 -6.979994
v -2.000000 0.000000 -6.979994
v -0.999999 0.000000 -7.019994
v -2.000000 0.000000 -7.019994
v -0.999999 0.000000 -7.979994
v -1.999999 0.000000 -7.979994
v -0.999999 0.000000 -8.019993
v -1.999999 0.000000 -8.019993
v -0.999999 0.000000 -8.979992
v -1.999999 0.000000 -8.979992
v -0.999999 0.000000 -9.019993
v -1.999999 0.000000 -9.019993
v 0.000000 0.000000 -0.980000
v -1.000000 0.000000 -0.980000
v 0.000000 0.000000 -1.020000
v -1.000000 0.000000 -1.020000
v 0.000000 0.000000 -1.979999
v -1.000000 0.000000 -1.979999
v 0.000000 0.000000 -2.019999
v -1.000000 0.000000 -2.019999
v 0.000000 0.000000 -2.979998
v -1.000000 0.000000 -2.979998
v 0.000000 0.000000 -3.019998
v -1.000000 0.000000 -3.019998
v 0.000000 0.000000 -3.979997
v -1.000000 0.000000 -3.979997
v 0.000000 0.000000 -4.019997
v -1.000000 0.000000 -4.019997
v 0.000000 0.000000 -4.979996
v -1.000000 0.000000 -4.979996
v 0.000000 0.000000 -5.019996
v -1.000000 0.000000 -5.019996
v 0.000000 0.000000 -5.979995
v -1.000000 0.000000 -5.979995
v 0.000000 0.000000 -6.019995
v -1.000000 0.000000 -6.019995
v 0.000001 0.000000 -6.979994
v -0.999999 0.000000 -6.979994
v 0.000001 0.000000 -7.019994
v -0.999999 0.000000 -7.019994
v 0.000001 0.000000 -7.979994
v -0.999999 0.000000 -7.979994
v 0.000001 0.000000 -8.019993
v -0.999999 0.000000 -8.019993
v 0.000001 0.000000 -8.979992
v -0.999999 0.000000 -8.979992
v 0.000001 0.000000 -9.019993
v -0.999999 0.000000 -9.019993
v 1.000000 0.000000 -0.980000
v 0.000000 0.000000 -0.980000
v 1.000000 0.000000 -1.020000
v 0.000000 0.000000 -1.020000
v 1.000000 0.000000 -1.979999
v 0.000000 0.000000 -1.979999
v 1.000000 0.000000 -2.019999
v 0.000000 0.000000 -2.019999
v 1.000000 0.000000 -2.979998
v 0.000000 0.000000 -2.979998
v 1.000000 0.000000 -3.019998
v 0.000000 0.000000 -3.019998
v 1.000000 0.000000 -3.979997
v 0.000000 0.000000 -3.979997
v 1.000000 0.000000 -4.019997
v 0.000000 0.000000 -4.019997
v 1.000000 0.000000 -4.979996
v 0.000000 0.000000 -4.979996
v 1.000000 0.000000 -5.019996
v 0.000000 0.000000 -5.019996
v 1.000000 0.000000 -5.979995
v 0.000000 0.000000 -5.979995
v 1.000000 0.000000 -6.019995
v 0.000000 0.000000 -6.019995
v 1.000000 0.000000 -6.979994
v 0.000001 0.000000 -6.979994
v 1.000000 0.000000 -7.019994
v 0.000001 0.000000 -7.019994
v 1.000001 0.000000 -7.979994
v 0.000001 0.000000 -7.979994
v 1.000001 0.000000 -8.019993
v 0.000001 0.000000 -8.019993
v 1.000001 0.000000 -8.979992
v 0.000001 0.000000 -8.979992
v 1.000001 0.000000 -9.019993
v 0.000001 0.000000 -9.019993
v 2.000000 0.000000 -0.980000
v 1.000000 0.000000 -0.980000
v 2.000000 0.000000 -1.020000
v 1.000000 0.000000 -1.020000
v 2.000000 0.000000 -1.979999
v 1.000000 0.000000 -1.979999
v 2.000000 0.000000 -2.019999
v 1.000000 0.000000 -2.019999
v 2.000000 0.000000 -2.979998
v 1.000000 0.000000 -2.979998
v 2.000000 0.000000 -3.019998
v 1.000000 0.000000 -3.019998
v 2.000000 0.000000 -3.979997
v 1.000000 0.000000 -3.979997
v 2.000000 0.000000 -4.019997
v 1.000000 0.000000 -4.019997
v 2.000000 0.000000 -4.979996
v 1.000000 0.000000 -4.979996
v 2.000000 0.000000 -5.019996
v 1.000000 0.000000 -5.019996
v 2.000000 0.000000 -5.979995
v 1.000000 0.000000 -5.979995
v 2.000000 0.000000 -6.019995
v 1.000000 0.000000 -6.019995
v 2.000000 0.000000 -6.979994
v 1.000000 0.000000 -6.979994
v 2.000000 0.000000 -7.019994
v 1.000000 0.000000 -7.019994
v 2.000001 0.000000 -7.979994
v 1.000001 0.000000 -7.979994
v 2.000001 0.000000 -8.019993
v 1.000001 0.000000 -8.019993
v 2.000001 0.000000 -8.979992
v 1.000001 0.000000 -8.979992
v 2.000001 0.000000 -9.019993
v 1.000001 0.000000 -9.019993
v 3.000000 0.000000 -0.980000
v 2.000000 0.000000 -0.980000
v 3.000000 0.000000 -1.020000
v 2.000000 0.000000 -1.020000
v 3.000000 0.000000 -1.979999
v 2.000000 0.000000 -1.979999
v 3.000000 0.000000 -2.019999
v 2.000000 0.000000 -2.019999
v 3.000000 0.000000 -2.979998
v 2.000000 0.000000 -2.979998
v 3.000000 0.000000 -3.019998
v 2.000000 0.000000 -3.019998
v 3.000000 0.000000 -3.979997
v 2.000000 0.000000 -3.979997
v 3.000000 0.000000 -4.019997
v 2.000000 0.000000 -4.019997
v 3.000000 0.000000 -4.979996
v 2.000000 0.000000 -4.979996
v 3.000000 0.000000 -5.019996
v 2.000000 0.000000 -5.019996
v 3.000000 0.000000 -5.979995
v 2.000000 0.000000 -5.979995
v 3.000000 0.000000 -6.019995
v 2.000000 0.000000 -6.019995
v 3.000000 0.000000 -6.979994
v 2.000000 0.000000 -6.979994
v 3.000000 0.000000 -7.019994
v 2.000000 0.000000 -7.019994
v 3.000001 0.000000 -7.979994
v 2.000001 0.000000 -7.979994
v 3.000001 0.000000 -8.019993
v 2.000001 0.000000 -8.019993
v 3.000001 0.000000 -8.979992
v 2.000001 0.000000 -8.979992
v 3.000001 0.000000 -9.019993
v 2.000001 0.000000 -9.019993
v 4.000000 0.000000 -0.980000
v 3.000000 0.000000 -0.980000
v 4.000000 0.000000 -1.020000
v 3.000000 0.000000 -1.020000
v 4.000000 0.000000 -1.979999
v 3.000000 0.000000 -1.979999
v 4.000000 0.000000 -2.019999
v 3.000000 0.000000 -2.019999
v 4.000000 0.000000 -2.979998
v 3.000000 0.000000 -2.979998
v 4.000000 0.000000 -3.019998
v 3.000000 0.000000 -3.019998
v 4.000000 0.000000 -3.979997
v 3.000000 0.000000 -3.979997
v 4.000000 0.000000 -4.019997
v 3.000000 0.000000 -4.019997
v 4.000000 0.000000 -4.979996
v 3.000000 0.000000 -4.979996
v 4.000000 0.000000 -5.019996
v 3.000000 0.000000 -5.019996
v 4.000000 0.000000 -5.979995
v 3.000000 0.000000 -5.979995
v 4.000000 0.000000 -6.019995
v 3.000000 0.000000 -6.019995
v 4.000000 0.000000 -6.979994
v 3.000000 0.000000 -6.979994
v 4.000000 0.000000 -7.019994
v 3.000000 0.000000 -7.019994
v 4.000000 0.000000 -7.979993
v 3.000001 0.000000 -7.979994
v 4.000000 0.000000 -8.019993
v 3.000001 0.000000 -8.019993
v 4.000000 0.000000 -8.979992
v 3.000001 0.000000 -8.979992
v 4.000000 0.000000 -9.019993
v 3.000001 0.000000 -9.019993
v 5.000000 0.000000 -0.980000
v 4.000000 0.000000 -0.980000
v 5.000000 0.000000 -1.020000
v 4.000000 0.000000 -1.020000
v 5.000000 0.000000 -1.979999
v 4.000000 0.000000 -1.979999
v 5.000000 0.000000 -2.019999
v 4.000000 0.000000 -2.019999
v 5.000000 0.000000 -2.979998
v 4.000000 0.000000 -2.979998
v 5.000000 0.000000 -3.019998
v 4.000000 0.000000 -3.019998
v 5.000000 0.000000 -3.979996
v 4.000000 0.000000 -3.979997
v 5.000000 0.000000 -4.019997
v 4.000000 0.000000 -4.019997
v 5.000000 0.000000 -4.979996
v 4.000000 0.000000 -4.979996
v 5.000000 0.000000 -5.019996
v 4.000000 0.000000 -5.019996
v 5.000000 0.000000 -5.979995
v 4.000000 0.000000 -5.979995
v 5.000000 0.000000 -6.019995
v 4.000000 0.000000 -6.019995
v 5.000000 0.000000 -6.979994
v 4.000000 0.000000 -6.979994
v 5.000000 0.000000 -7.019994
v 4.000000 0.000000 -7.019994
v 5.000000 0.000000 -7.979993
v 4.000000 0.000000 -7.979993
v 5.000000 0.000000 -8.019993
v 4.000000 0.000000 -8.019993
v 5.000000 0.000000 -8.979992
v 4.000000 0.000000 -8.979992
v 5.000000 0.000000 -9.019993
v 4.000000 0.000000 -9.019993
v 6.000000 0.000000 -0.980000
v 5.000000 0.000000 -0.980000
v 6.000000 0.000000 -1.020000
v 5.000000 0.000000 -1.020000
v 6.000000 0.000000 -1.979999
v 5.000000 0.000000 -1.979999
v 6.000000 0.000000 -2.019999
v 5.000000 0.000000 -2.019999
v 6.000000 0.000000 -2.979998
v 5.000000 0.000000 -2.979998
v 6.000000 0.000000 -3.019998
v 5.000000 0.000000 -3.019998
v 6.000000 0.000000 -3.979996
v 5.000000 0.000000 -3.979996
v 6.000000 0.000000 -4.019997
v 5.000000 0.000000 -4.019997
v 6.000000 0.000000 -4.979996
v 5.000000 0.000000 -4.979996
v 6.000000 0.000000 -5.019996
v 5.000000 0.000000 -5.019996
v 6.000000 0.000000 -5.979995
v 5.000000 0.000000 -5.979995
v 6.000000 0.000000 -6.019995
v 5.000000 0.000000 -6.019995
v 6.000000 0.000000 -6.979994
v 5.000000 0.000000 -6.979994
v 6.000000 0.000000 -7.019994
v 5.000000 0.000000 -7.019994
v 6.000000 0.000000 -7.979993
v 5.000000 0.000000 -7.979993
v 6.000000 0.000000 -8.019993
v 5.000000 0.000000 -8.019993
v 6.000000 0.000000 -8.979992
v 5.000000 0.000000 -8.979992
v 6.000000 0.000000 -9.019993
v 5.000000 0.000000 -9.019993
v 7.000000 0.000000 -0.980000
v 6.000000 0.000000 -0.980000
v 7.000000 0.000000 -1.020000
v 6.000000 0.000000 -1.020000
v 7.000000 0.000000 -1.979999
v 6.000000 0.000000 -1.979999
v 7.000000 0.000000 -2.019999
v 6.000000 0.000000 -2.019999
v 7.000000 0.000000 -2.979998
v 6.000000 0.000000 -2.979998
v 7.000000 0.000000 -3.019998
v 6.000000 0.000000 -3.019998
v 7.000000 0.000000 -3.979996
v 6.000000 0.000000 -3.979996
v 7.000000 0.000000 -4.019997
v 6.000000 0.000000 -4.019997
v 7.000000 0.000000 -4.979996
v 6.000000 0.000000 -4.979996
v 7.000000 0.000000 -5.019996
v 6.000000 0.000000 -5.019996
v 7.000000 0.000000 -5.979995
v 6.000000 0.000000 -5.979995
v 7.000000 0.000000 -6.019995
v 6.000000 0.000000 -6.019995
v 7.000000 0.000000 -6.979994
v 6.000000 0.000000 -6.979994
v 7.000000 0.000000 -7.019994
v 6.000000 0.000000 -7.019994
v 7.000000 0.000000 -7.979993
v 6.000000 0.000000 -7.979993
v 7.000000 0.000000 -8.019992
v 6.000000 0.000000 -8.019993
v 7.000000 0.000000 -8.979991
v 6.000000 0.000000 -8.979992
v 7.000000 0.000000 -9.019992
v 6.000000 0.000000 -9.019993
v 8.000000 0.000000 -0.979999
v 7.000000 0.000000 -0.980000
v 8.000000 0.000000 -1.019999
v 7.000000 0.000000 -1.020000
v 8.000000 0.000000 -1.979998
v 7.000000 0.000000 -1.979999
v 8.000000 0.000000 -2.019998
v 7.000000 0.000000 -2.019999
v 8.000000 0.000000 -2.979997
v 7.000000 0.000000 -2.979998
v 8.000000 0.000000 -3.019997
v 7.000000 0.000000 -3.019998
v 8.000000 0.000000 -3.979996
v 7.000000 0.000000 -3.979996
v 8.000000 0.000000 -4.019997
v 7.000000 0.000000 -4.019997
v 8.000000 0.000000 -4.979996
v 7.000000 0.000000 -4.979996
v 8.000000 0.000000 -5.019996
v 7.000000 0.000000 -5.019996
v 8.000000 0.000000 -5.979995
v 7.000000 0.000000 -5.979995
v 8.000000 0.000000 -6.019995
v 7.000000 0.000000 -6.019995
v 8.000001 0.000000 -6.979994
v 7.000000 0.000000 -6.979994
v 8.000001 0.000000 -7.019994
v 7.000000 0.000000 -7.019994
v 8.000001 0.000000 -7.979993
v 7.000000 0.000000 -7.979993
v 8.000001 0.000000 -8.019992
v 7.000000 0.000000 -8.019992
v 8.000001 0.000000 -8.979991
v 7.000000 0.000000 -8.979991
v 8.000001 0.000000 -9.019992
v 7.000000 0.000000 -9.019992
v 9.000000 0.000000 -0.979999
v 8.000000 0.000000 -0.979999
v 9.000000 0.000000 -1.019999
v 8.000000 0.000000 -1.019999
v 9.000000 0.000000 -1.979998
v 8.000000 0.000000 -1.979998
v 9.000000 0.000000 -2.019998
v 8.000000 0.000000 -2.019998
v 9.000000 0.000000 -2.979997
v 8.000000 0.000000 -2.979997
v 9.000000 0.000000 -3.019997
v 8.000000 0.000000 -3.019997
v 9.000000 0.000000 -3.979996
v 8.000000 0.000000 -3.979996
v 9.000000 0.000000 -4.019997
v 8.000000 0.000000 -4.019997
v 9.000000 0.000000 -4.979996
v 8.000000 0.000000 -4.979996
v 9.000000 0.000000 -5.019996
v 8.000000 0.000000 -5.019996
v 9.000000 0.000000 -5.979995
v 8.000000 0.000000 -5.979995
v 9.000000 0.000000 -6.019995
v 8.000000 0.000000 -6.019995
v 9.000001 0.000000 -6.979994
v 8.000001 0.000000 -6.979994
v 9.000001 0.000000 -7.019994
v 8.000001 0.000000 -7.019994
v 9.000001 0.000000 -7.979993
v 8.000001 0.000000 -7.979993
v 9.000001 0.000000 -8.019992
v 8.000001 0.000000 -8.019992
v 9.000001 0.000000 -8.979991
v 8.000001 0.000000 -8.979991
v 9.000001 0.000000 -9.019992
v 8.000001 0.000000 -9.019992
v 10.000000 0.000000 -0.979999
v 9.000000 0.000000 -0.979999
v 10.000000 0.000000 -1.019999
v 9.000000 0.000000 -1.019999
v 10.000000 0.000000 -1.979998
v 9.000000 0.000000 -1.979998
v 10.000000 0.000000 -2.019998
v 9.000000 0.000000 -2.019998
v 10.000000 0.000000 -2.979997
v 9.000000 0.000000 -2.979997
v 10.000000 0.000000 -3.019997
v 9.000000 0.000000 -3.019997
v 10.000000 0.000000 -3.979996
v 9.000000 0.000000 -3.979996
v 10.000000 0.000000 -4.019996
v 9.000000 0.000000 -4.019997
v 10.000000 0.000000 -4.979995
v 9.000000 0.000000 -4.979996
v 10.000000 0.000000 -5.019995
v 9.000000 0.000000 -5.019996
v 10.000000 0.000000 -5.979994
v 9.000000 0.000000 -5.979995
v 10.000000 0.000000 -6.019994
v 9.000000 0.000000 -6.019995
v 10.000001 0.000000 -6.979993
v 9.000001 0.000000 -6.979994
v 10.000001 0.000000 -7.019993
v 9.000001 0.000000 -7.019994
v 10.000001 0.000000 -7.979993
v 9.000001 0.000000 -7.979993
v 10.000001 0.000000 -8.019992
v 9.000001 0.000000 -8.019992
v 10.000001 0.000000 -8.979991
v 9.000001 0.000000 -8.979991
v 10.000001 0.000000 -9.019992
v 9.000001 0.000000 -9.019992
v -8.999999 0.000000 0.040007
v -9.999999 0.000000 0.040007
v -8.999999 0.000000 -0.039995
v -9.999999 0.000000 -0.039995
v -8.000000 0.000000 0.040007
v -8.999999 0.000000 0.040007
v -8.000000 0.000000 -0.039994
v -8.999999 0.000000 -0.039995
v -7.000000 0.000000 0.040007
v -8.000000 0.000000 0.040007
v -7.000000 0.000000 -0.039994
v -8.000000 0.000000 -0.039994
v -6.000000 0.000000 0.040008
v -7.000000 0.000000 0.040007
v -6.000000 0.000000 -0.039994
v -7.000000 0.000000 -0.039994
v -5.000000 0.000000 0.040008
v -6.000000 0.000000 0.040008
v -5.000000 0.000000 -0.039994
v -6.000000 0.000000 -0.039994
v -3.999999 0.000000 0.040008
v -5.000000 0.000000 0.040008
v -3.999999 0.000000 -0.039994
v -5.000000 0.000000 -0.039994
v -2.999999 0.000000 0.040008
v -3.999999 0.000000 0.040008
v -2.999999 0.000000 -0.039994
v -3.999999 0.000000 -0.039994
v -1.999999 0.000000 0.040008
v -2.999999 0.000000 0.040008
v -1.999999 0.000000 -0.039994
v -2.999999 0.000000 -0.039994
v -0.999999 0.000000 0.040008
v -1.999999 0.000000 0.040008
v -0.999999 0.000000 -0.039993
v -1.999999 0.000000 -0.039994
v 0.000001 0.000000 0.040009
v -0.999999 0.000000 0.040008
v 0.000001 0.000000 -0.039993
v -0.999999 0.000000 -0.039993
v 1.000001 0.000000 0.040009
v 0.000001 0.000000 0.040009
v 1.000001 0.000000 -0.039993
v 0.000001 0.000000 -0.039993
v 2.000001 0.000000 0.040009
v 1.000001 0.000000 0.040009
v 2.000001 0.000000 -0.039993
v 1.000001 0.000000 -0.039993
v 3.000001 0.000000 0.040009
v 2.000001 0.000000 0.040009
v 3.000001 0.000000 -0.039993
v 2.000001 0.000000 -0.039993
v 4.000000 0.000000 0.040009
v 3.000001 0.000000 0.040009
v 4.000000 0.000000 -0.039993
v 3.000001 0.000000 -0.039993
v 5.000000 0.000000 0.040009
v 4.000000 0.000000 0.040009
v 5.000000 0.000000 -0.039993
v 4.000000 0.000000 -0.039993
v 6.000000 0.000000 0.040009
v 5.000000 0.000000 0.040009
v 6.000000 0.000000 -0.039992
v 5.000000 0.000000 -0.039993
v 7.000000 0.000000 0.040010
v 6.000000 0.000000 0.040009
v 7.000000 0.000000 -0.039992
v 6.000000 0.000000 -0.039992
v 8.000001 0.000000 0.040010
v 7.000000 0.000000 0.040010
v 8.000001 0.000000 -0.039992
v 7.000000 0.000000 -0.039992
v 9.000001 0.000000 0.040010
v 8.000001 0.000000 0.040010
v 9.000001 0.000000 -0.039992
v 8.000001 0.000000 -0.039992
v 10.000001 0.000000 0.040010
v 9.000001 0.000000 0.040010
v 10.000001 0.000000 -0.039992
v 9.000001 0.000000 -0.039992
v 0.039999 0.000000 9.000007
v 0.039999 0.000000 10.000007
v -0.040003 0.000000 9.000007
v -0.040003 0.000000 10.000007
v 0.039999 0.000000 8.000008
v 0.039999 0.000000 9.000007
v -0.040002 0.000000 8.000008
v -0.040003 0.000000 9.000007
v 0.039999 0.000000 7.000007
v 0.039999 0.000000 8.000008
v -0.040002 0.000000 7.000007
v -0.040002 0.000000 8.000008
v 0.040000 0.000000 6.000007
v 0.039999 0.000000 7.000007
v -0.040002 0.000000 6.000007
v -0.040002 0.000000 7.000007
v 0.040000 0.000000 5.000007
v 0.040000 0.000000 6.000007
v -0.040002 0.000000 5.000007
v -0.040002 0.000000 6.000007
v 0.040000 0.000000 4.000007
v 0.040000 0.000000 5.000007
v -0.040002 0.000000 4.000007
v -0.040002 0.000000 5.000007
v 0.040000 0.000000 3.000007
v 0.040000 0.000000 4.000007
v -0.040001 0.000000 3.000007
v -0.040002 0.000000 4.000007
v 0.040001 0.000000 2.000007
v 0.040000 0.000000 3.000007
v -0.040001 0.000000 2.000007
v -0.040001 0.000000 3.000007
v 0.040001 0.000000 1.000007
v 0.040001 0.000000 2.000007
v -0.040001 0.000000 1.000007
v -0.040001 0.000000 2.000007
v 0.040001 0.000000 0.000007
v 0.040001 0.000000 1.000007
v -0.040001 0.000000 0.000007
v -0.040001 0.000000 1.000007
v 0.040001 0.000000 -0.999993
v 0.040001 0.000000 0.000007
v -0.040000 0.000000 -0.999993
v -0.040001 0.000000 0.000007
v 0.040002 0.000000 -1.999993
v 0.040001 0.000000 -0.999993
v -0.040000 0.000000 -1.999993
v -0.040000 0.000000 -0.999993
v 0.040002 0.000000 -2.999993
v 0.040002 0.000000 -1.999993
v -0.040000 0.000000 -2.999993
v -0.040000 0.000000 -1.999993
v 0.040002 0.000000 -3.999993
v 0.040002 0.000000 -2.999993
v -0.040000 0.000000 -3.999993
v -0.040000 0.000000 -2.999993
v 0.040002 0.000000 -4.999993
v 0.040002 0.000000 -3.999993
v -0.040000 0.000000 -4.999993
v -0.040000 0.000000 -3.999993
v 0.040002 0.000000 -5.999993
v 0.040002 0.000000 -4.999993
v -0.040000 0.000000 -5.999993
v -0.040000 0.000000 -4.999993
v 0.040003 0.000000 -6.999993
v 0.040002 0.000000 -5.999993
v -0.039999 0.000000 -6.999993
v -0.040000 0.000000 -5.999993
v 0.040003 0.000000 -7.999994
v 0.040003 0.000000 -6.999993
v -0.039999 0.000000 -7.999993
v -0.039999 0.000000 -6.999993
v 0.040004 0.000000 -8.999993
v 0.040003 0.000000 -7.999994
v -0.039998 0.000000 -8.999993
v -0.039999 0.000000 -7.999993
v 0.040004 0.000000 -9.999993
v 0.040004 0.000000 -8.999993
v -0.039998 0.000000 -9.999993
v -0.039998 0.000000 -8.999993
v 10.039999 0.000000 9.000007
v 10.039999 0.000000 10.000007
v 9.959997 0.000000 9.000007
v 9.959997 0.000000 10.000007
v 10.039998 0.000000 8.000008
v 10.039999 0.000000 9.000007
v 9.959997 0.000000 8.000008
v 9.959997 0.000000 9.000007
v 10.039999 0.000000 7.000007
v 10.039998 0.000000 8.000008
v 9.959997 0.000000 7.000007
v 9.959997 0.000000 8.000008
v 10.040001 0.000000 6.000007
v 10.039999 0.000000 7.000007
v 9.959999 0.000000 6.000007
v 9.959997 0.000000 7.000007
v 10.040001 0.000000 5.000007
v 10.040001 0.000000 6.000007
v 9.959999 0.000000 5.000007
v 9.959999 0.000000 6.000007
v 10.040001 0.000000 4.000007
v 10.040001 0.000000 5.000007
v 9.959999 0.000000 4.000007
v 9.959999 0.000000 5.000007
v 10.040001 0.000000 3.000007
v 10.040001 0.000000 4.000007
v 9.959999 0.000000 3.000007
v 9.959999 0.000000 4.000007
v 10.040001 0.000000 2.000007
v 10.040001 0.000000 3.000007
v 9.959999 0.000000 2.000007
v 9.959999 0.000000 3.000007
v 10.040001 0.000000 1.000007
v 10.040001 0.000000 2.000007
v 9.959999 0.000000 1.000007
v 9.959999 0.000000 2.000007
v 10.040001 0.000000 0.000007
v 10.040001 0.000000 1.000007
v 9.959999 0.000000 0.000007
v 9.959999 0.000000 1.000007
v 10.040001 0.000000 -0.999993
v 10.040001 0.000000 0.000007
v 9.959999 0.000000 -0.999993
v 9.959999 0.000000 0.000007
v 10.040001 0.000000 -1.999993
v 10.040001 0.000000 -0.999993
v 9.959999 0.000000 -1.999993
v 9.959999 0.000000 -0.999993
v 10.040002 0.000000 -2.999993
v 10.040001 0.000000 -1.999993
v 9.960000 0.000000 -2.999993
v 9.959999 0.000000 -1.999993
v 10.040002 0.000000 -3.999993
v 10.040002 0.000000 -2.999993
v 9.960000 0.000000 -3.999993
v 9.960000 0.000000 -2.999993
v 10.040002 0.000000 -4.999993
v 10.040002 0.000000 -3.999993
v 9.960000 0.000000 -4.999993
v 9.960000 0.000000 -3.999993
v 10.040002 0.000000 -5.999993
v 10.040002 0.000000 -4.999993
v 9.960000 0.000000 -5.999993
v 9.960000 0.000000 -4.999993
v 10.040004 0.000000 -6.999993
v 10.040002 0.000000 -5.999993
v 9.960002 0.000000 -6.999993
v 9.960000 0.000000 -5.999993
v 10.040004 0.000000 -7.999994
v 10.040004 0.000000 -6.999993
v 9.960001 0.000000 -7.999993
v 9.960002 0.000000 -6.999993
v 10.040004 0.000000 -8.999993
v 10.040004 0.000000 -7.999994
v 9.960002 0.000000 -8.999993
v 9.960001 0.000000 -7.999993
v 10.040004 0.000000 -9.999993
v 10.040004 0.000000 -8.999993
v 9.960002 0.000000 -9.999993
v 9.960002 0.000000 -8.999993
v 9.000004 0.000000 9.960002
v 10.000004 0.000000 9.960003
v 9.000004 0.000000 10.040004
v 10.000004 0.000000 10.040005
v 8.000004 0.000000 9.960003
v 9.000004 0.000000 9.960002
v 8.000004 0.000000 10.040004
v 9.000004 0.000000 10.040004
v 7.000004 0.000000 9.960002
v 8.000004 0.000000 9.960003
v 7.000004 0.000000 10.040004
v 8.000004 0.000000 10.040004
v 6.000004 0.000000 9.960000
v 7.000004 0.000000 9.960002
v 6.000004 0.000000 10.040002
v 7.000004 0.000000 10.040004
v 5.000005 0.000000 9.960000
v 6.000004 0.000000 9.960000
v 5.000005 0.000000 10.040002
v 6.000004 0.000000 10.040002
v 4.000005 0.000000 9.960000
v 5.000005 0.000000 9.960000
v 4.000005 0.000000 10.040002
v 5.000005 0.000000 10.040002
v 3.000005 0.000000 9.960000
v 4.000005 0.000000 9.960000
v 3.000005 0.000000 10.040002
v 4.000005 0.000000 10.040002
v 2.000005 0.000000 9.960000
v 3.000005 0.000000 9.960000
v 2.000005 0.000000 10.040002
v 3.000005 0.000000 10.040002
v 1.000005 0.000000 9.960000
v 2.000005 0.000000 9.960000
v 1.000005 0.000000 10.040002
v 2.000005 0.000000 10.040002
v 0.000005 0.000000 9.960000
v 1.000005 0.000000 9.960000
v 0.000005 0.000000 10.040002
v 1.000005 0.000000 10.040002
v -0.999995 0.000000 9.960000
v 0.000005 0.000000 9.960000
v -0.999995 0.000000 10.040002
v 0.000005 0.000000 10.040002
v -1.999995 0.000000 9.960000
v -0.999995 0.000000 9.960000
v -1.999995 0.000000 10.040001
v -0.999995 0.000000 10.040002
v -2.999995 0.000000 9.959999
v -1.999995 0.000000 9.960000
v -2.999995 0.000000 10.040001
v -1.999995 0.000000 10.040001
v -3.999995 0.000000 9.959999
v -2.999995 0.000000 9.959999
v -3.999995 0.000000 10.040000
v -2.999995 0.000000 10.040001
v -4.999995 0.000000 9.959999
v -3.999995 0.000000 9.959999
v -4.999995 0.000000 10.040001
v -3.999995 0.000000 10.040000
v -5.999995 0.000000 9.959999
v -4.999995 0.000000 9.959999
v -5.999995 0.000000 10.040001
v -4.999995 0.000000 10.040001
v -6.999995 0.000000 9.959996
v -5.999995 0.000000 9.959999
v -6.999995 0.000000 10.039998
v -5.999995 0.000000 10.040001
v -7.999997 0.000000 9.959996
v -6.999995 0.000000 9.959996
v -7.999996 0.000000 10.039999
v -6.999995 0.000000 10.039998
v -8.999996 0.000000 9.959996
v -7.999997 0.000000 9.959996
v -8.999996 0.000000 10.039998
v -7.999996 0.000000 10.039999
v -9.999996 0.000000 9.959996
v -8.999996 0.000000 9.959996
v -9.999996 0.000000 10.039998
v -8.999996 0.000000 10.039998
v -9.020000 0.000000 -9.000000
v -9.020000 0.000000 -10.000000
v -8.980000 0.000000 -9.000000
v -8.980000 0.000000 -10.000000
v -8.020000 0.000000 -9.000000
v -8.020001 0.000000 -10.000000
v -7.980001 0.000000 -9.000000
v -7.980001 0.000000 -10.000000
v -7.020002 0.000000 -9.000000
v -7.020002 0.000000 -10.000000
v -6.980002 0.000000 -9.000000
v -6.980002 0.000000 -10.000000
v -6.020003 0.000000 -8.999999
v -6.020003 0.000000 -9.999999
v -5.980003 0.000000 -8.999999
v -5.980003 0.000000 -9.999999
v -5.020004 0.000000 -8.999999
v -5.020004 0.000000 -9.999999
v -4.980004 0.000000 -8.999999
v -4.980004 0.000000 -9.999999
v -4.020005 0.000000 -8.999999
v -4.020005 0.000000 -9.999999
v -3.980005 0.000000 -8.999999
v -3.980005 0.000000 -9.999999
v -3.020006 0.000000 -8.999999
v -3.020006 0.000000 -10.000000
v -2.980006 0.000000 -8.999999
v -2.980006 0.000000 -10.000000
v -2.020007 0.000000 -9.000000
v -2.020007 0.000000 -10.000000
v -1.980007 0.000000 -9.000000
v -1.980007 0.000000 -10.000000
v -1.020008 0.000000 -9.000000
v -1.020008 0.000000 -10.000000
v -0.980007 0.000000 -9.000000
v -0.980007 0.000000 -10.000000
v -9.020000 0.000000 -8.000000
v -9.020000 0.000000 -9.000000
v -8.980000 0.000000 -8.000000
v -8.980000 0.000000 -9.000000
v -8.020000 0.000000 -8.000000
v -8.020000 0.000000 -9.000000
v -7.980001 0.000000 -8.000000
v -7.980001 0.000000 -9.000000
v -7.020002 0.000000 -8.000000
v -7.020002 0.000000 -9.000000
v -6.980002 0.000000 -8.000000
v -6.980002 0.000000 -9.000000
v -6.020003 0.000000 -8.000000
v -6.020003 0.000000 -8.999999
v -5.980003 0.000000 -8.000000
v -5.980003 0.000000 -8.999999
v -5.020004 0.000000 -8.000000
v -5.020004 0.000000 -8.999999
v -4.980004 0.000000 -8.000000
v -4.980004 0.000000 -8.999999
v -4.020005 0.000000 -8.000000
v -4.020005 0.000000 -8.999999
v -3.980005 0.000000 -8.000000
v -3.980005 0.000000 -8.999999
v -3.020006 0.000000 -8.000000
v -3.020006 0.000000 -8.999999
v -2.980006 0.000000 -8.000000
v -2.980006 0.000000 -8.999999
v -2.020007 0.000000 -8.000000
v -2.020007 0.000000 -9.000000
v -1.980007 0.000000 -8.000000
v -1.980007 0.000000 -9.000000
v -1.020008 0.000000 -8.000000
v -1.020008 0.000000 -9.000000
v -0.980008 0.000000 -8.000000
v -0.980007 0.000000 -9.000000
v -9.020000 0.000000 -7.000000
v -9.020000 0.000000 -8.000000
v -8.980000 0.000000 -7.000000
v -8.980000 0.000000 -8.000000
v -8.020000 0.000000 -7.000000
v -8.020000 0.000000 -8.000000
v -7.980001 0.000000 -7.000000
v -7.980001 0.000000 -8.000000
v -7.020002 0.000000 -7.000000
v -7.020002 0.000000 -8.000000
v -6.980002 0.000000 -7.000000
v -6.980002 0.000000 -8.000000
v -6.020003 0.000000 -7.000000
v -6.020003 0.000000 -8.000000
v -5.980003 0.000000 -7.000000
v -5.980003 0.000000 -8.000000
v -5.020004 0.000000 -7.000000
v -5.020004 0.000000 -8.000000
v -4.980004 0.000000 -7.000000
v -4.980004 0.000000 -8.000000
v -4.020005 0.000000 -7.000000
v -4.020005 0.000000 -8.000000
v -3.980005 0.000000 -7.000000
v -3.980005 0.000000 -8.000000
v -3.020006 0.000000 -7.000000
v -3.020006 0.000000 -8.000000
v -2.980006 0.000000 -7.000000
v -2.980006 0.000000 -8.000000
v -2.020007 0.000000 -7.000000
v -2.020007 0.000000 -8.000000
v -1.980007 0.000000 -7.000000
v -1.980007 0.000000 -8.000000
v -1.020008 0.000000 -7.000000
v -1.020008 0.000000 -8.000000
v -0.980008 0.000000 -7.000000
v -0.980008 0.000000 -8.000000
v -9.020000 0.000000 -6.000000
v -9.020000 0.000000 -7.000000
v -8.980000 0.000000 -6.000000
v -8.980000 0.000000 -7.000000
v -8.020001 0.000000 -6.000000
v -8.020000 0.000000 -7.000000
v -7.980001 0.000000 -6.000000
v -7.980001 0.000000 -7.000000
v -7.020002 0.000000 -6.000000
v -7.020002 0.000000 -7.000000
v -6.980002 0.000000 -6.000000
v -6.980002 0.000000 -7.000000
v -6.020003 0.000000 -6.000000
v -6.020003 0.000000 -7.000000
v -5.980003 0.000000 -6.000000
v -5.980003 0.000000 -7.000000
v -5.020004 0.000000 -6.000000
v -5.020004 0.000000 -7.000000
v -4.980004 0.000000 -6.000000
v -4.980004 0.000000 -7.000000
v -4.020005 0.000000 -6.000000
v -4.020005 0.000000 -7.000000
v -3.980005 0.000000 -6.000000
v -3.980005 0.000000 -7.000000
v -3.020006 0.000000 -6.000000
v -3.020006 0.000000 -7.000000
v -2.980006 0.000000 -6.000000
v -2.980006 0.000000 -7.000000
v -2.020007 0.000000 -6.000000
v -2.020007 0.000000 -7.000000
v -1.980007 0.000000 -6.000000
v -1.980007 0.000000 -7.000000
v -1.020008 0.000000 -6.000000
v -1.020008 0.000000 -7.000000
v -0.980008 0.000000 -6.000000
v -0.980008 0.000000 -7.000000
v -9.020000 0.000000 -5.000000
v -9.020000 0.000000 -6.000000
v -8.980000 0.000000 -5.000000
v -8.980000 0.000000 -6.000000
v -8.020001 0.000000 -5.000000
v -8.020001 0.000000 -6.000000
v -7.980001 0.000000 -5.000000
v -7.980001 0.000000 -6.000000
v -7.020002 0.000000 -5.000000
v -7.020002 0.000000 -6.000000
v -6.980002 0.000000 -5.000000
v -6.980002 0.000000 -6.000000
v -6.020003 0.000000 -5.000000
v -6.020003 0.000000 -6.000000
v -5.980003 0.000000 -5.000000
v -5.980003 0.000000 -6.000000
v -5.020004 0.000000 -5.000000
v -5.020004 0.000000 -6.000000
v -4.980004 0.000000 -5.000000
v -4.980004 0.000000 -6.000000
v -4.020005 0.000000 -5.000000
v -4.020005 0.000000 -6.000000
v -3.980005 0.000000 -5.000000
v -3.980005 0.000000 -6.000000
v -3.020006 0.000000 -5.000000
v -3.020006 0.000000 -6.000000
v -2.980006 0.000000 -5.000000
v -2.980006 0.000000 -6.000000
v -2.020007 0.000000 -5.000000
v -2.020007 0.000000 -6.000000
v -1.980007 0.000000 -5.000000
v -1.980007 0.000000 -6.000000
v -1.020008 0.000000 -5.000000
v -1.020008 0.000000 -6.000000
v -0.980008 0.000000 -5.000000
v -0.980008 0.000000 -6.000000
v -9.020000 0.000000 -4.000000
v -9.020000 0.000000 -5.000000
v -8.980000 0.000000 -4.000000
v -8.980000 0.000000 -5.000000
v -8.020001 0.000000 -4.000000
v -8.020001 0.000000 -5.000000
v -7.980001 0.000000 -4.000000
v -7.980001 0.000000 -5.000000
v -7.020002 0.000000 -3.999999
v -7.020002 0.000000 -5.000000
v -6.980002 0.000000 -3.999999
v -6.980002 0.000000 -5.000000
v -6.020003 0.000000 -3.999999
v -6.020003 0.000000 -5.000000
v -5.980003 0.000000 -3.999999
v -5.980003 0.000000 -5.000000
v -5.020004 0.000000 -4.000000
v -5.020004 0.000000 -5.000000
v -4.980004 0.000000 -4.000000
v -4.980004 0.000000 -5.000000
v -4.020005 0.000000 -4.000000
v -4.020005 0.000000 -5.000000
v -3.980005 0.000000 -4.000000
v -3.980005 0.000000 -5.000000
v -3.020006 0.000000 -4.000000
v -3.020006 0.000000 -5.000000
v -2.980006 0.000000 -4.000000
v -2.980006 0.000000 -5.000000
v -2.020007 0.000000 -4.000000
v -2.020007 0.000000 -5.000000
v -1.980007 0.000000 -4.000000
v -1.980007 0.000000 -5.000000
v -1.020008 0.000000 -3.999999
v -1.020008 0.000000 -5.000000
v -0.980008 0.000000 -3.999999
v -0.980008 0.000000 -5.000000
v -9.020000 0.000000 -3.000000
v -9.020000 0.000000 -4.000000
v -8.980000 0.000000 -3.000000
v -8.980000 0.000000 -4.000000
v -8.020001 0.000000 -3.000000
v -8.020001 0.000000 -4.000000
v -7.980002 0.000000 -3.000000
v -7.980001 0.000000 -4.000000
v -7.020002 0.000000 -3.000000
v -7.020002 0.000000 -3.999999
v -6.980002 0.000000 -3.000000
v -6.980002 0.000000 -3.999999
v -6.020003 0.000000 -3.000000
v -6.020003 0.000000 -3.999999
v -5.980003 0.000000 -3.000000
v -5.980003 0.000000 -3.999999
v -5.020004 0.000000 -3.000000
v -5.020004 0.000000 -4.000000
v -4.980004 0.000000 -3.000000
v -4.980004 0.000000 -4.000000
v -4.020005 0.000000 -3.000000
v -4.020005 0.000000 -4.000000
v -3.980005 0.000000 -3.000000
v -3.980005 0.000000 -4.000000
v -3.020006 0.000000 -3.000000
v -3.020006 0.000000 -4.000000
v -2.980006 0.000000 -3.000000
v -2.980006 0.000000 -4.000000
v -2.020007 0.000000 -3.000000
v -2.020007 0.000000 -4.000000
v -1.980007 0.000000 -3.000000
v -1.980007 0.000000 -4.000000
v -1.020008 0.000000 -3.000000
v -1.020008 0.000000 -3.999999
v -0.980007 0.000000 -3.000000
v -0.980008 0.000000 -3.999999
v -9.020000 0.000000 -2.000000
v -9.020000 0.000000 -3.000000
v -8.980000 0.000000 -2.000000
v -8.980000 0.000000 -3.000000
v -8.020001 0.000000 -2.000000
v -8.020001 0.000000 -3.000000
v -7.980002 0.000000 -2.000000
v -7.980002 0.000000 -3.000000
v -7.020002 0.000000 -2.000000
v -7.020002 0.000000 -3.000000
v -6.980002 0.000000 -2.000000
v -6.980002 0.000000 -3.000000
v -6.020003 0.000000 -2.000000
v -6.020003 0.000000 -3.000000
v -5.980003 0.000000 -2.000000
v -5.980003 0.000000 -3.000000
v -5.020004 0.000000 -2.000000
v -5.020004 0.000000 -3.000000
v -4.980004 0.000000 -2.000000
v -4.980004 0.000000 -3.000000
v -4.020005 0.000000 -2.000000
v -4.020005 0.000000 -3.000000
v -3.980005 0.000000 -2.000000
v -3.980005 0.000000 -3.000000
v -3.020006 0.000000 -2.000000
v -3.020006 0.000000 -3.000000
v -2.980006 0.000000 -2.000000
v -2.980006 0.000000 -3.000000
v -2.020007 0.000000 -2.000000
v -2.020007 0.000000 -3.000000
v -1.980007 0.000000 -2.000000
v -1.980007 0.000000 -3.000000
v -1.020008 0.000000 -2.000000
v -1.020008 0.000000 -3.000000
v -0.980007 0.000000 -2.000000
v -0.980007 0.000000 -3.000000
v -9.020000 0.000000 -1.000000
v -9.020000 0.000000 -2.000000
v -8.980000 0.000000 -1.000000
v -8.980000 0.000000 -2.000000
v -8.020001 0.000000 -1.000000
v -8.020001 0.000000 -2.000000
v -7.980002 0.000000 -1.000000
v -7.980002 0.000000 -2.000000
v -7.020002 0.000000 -1.000000
v -7.020002 0.000000 -2.000000
v -6.980002 0.000000 -1.000000
v -6.980002 0.000000 -2.000000
v -6.020003 0.000000 -1.000000
v -6.020003 0.000000 -2.000000
v -5.980003 0.000000 -1.000000
v -5.980003 0.000000 -2.000000
v -5.020004 0.000000 -0.999999
v -5.020004 0.000000 -2.000000
v -4.980004 0.000000 -0.999999
v -4.980004 0.000000 -2.000000
v -4.020005 0.000000 -0.999999
v -4.020005 0.000000 -2.000000
v -3.980005 0.000000 -0.999999
v -3.980005 0.000000 -2.000000
v -3.020006 0.000000 -0.999999
v -3.020006 0.000000 -2.000000
v -2.980006 0.000000 -0.999999
v -2.980006 0.000000 -2.000000
v -2.020007 0.000000 -1.000000
v -2.020007 0.000000 -2.000000
v -1.980007 0.000000 -1.000000
v -1.980007 0.000000 -2.000000
v -1.020008 0.000000 -1.000000
v -1.020008 0.000000 -2.000000
v -0.980007 0.000000 -1.000000
v -0.980007 0.000000 -2.000000
v -9.020000 0.000000 0.000000
v -9.020000 0.000000 -1.000000
v -8.980000 0.000000 0.000000
v -8.980000 0.000000 -1.000000
v -8.020001 0.000000 0.000000
v -8.020001 0.000000 -1.000000
v -7.980002 0.000000 0.000000
v -7.980002 0.000000 -1.000000
v -7.020002 0.000000 0.000000
v -7.020002 0.000000 -1.000000
v -6.980002 0.000000 0.000000
v -6.980002 0.000000 -1.000000
v -6.020003 0.000000 0.000000
v -6.020003 0.000000 -1.000000
v -5.980003 0.000000 0.000001
v -5.980003 0.000000 -1.000000
v -5.020004 0.000000 0.000001
v -5.020004 0.000000 -0.999999
v -4.980004 0.000000 0.000001
v -4.980004 0.000000 -0.999999
v -4.020005 0.000000 0.000001
v -4.020005 0.000000 -0.999999
v -3.980005 0.000000 0.000001
v -3.980005 0.000000 -0.999999
v -3.020006 0.000000 0.000001
v -3.020006 0.000000 -0.999999
v -2.980006 0.000000 0.000001
v -2.980006 0.000000 -0.999999
v -2.020007 0.000000 -0.000000
v -2.020007 0.000000 -1.000000
v -1.980007 0.000000 -0.000000
v -1.980007 0.000000 -1.000000
v -1.020008 0.000000 -0.000000
v -1.020008 0.000000 -1.000000
v -0.980007 0.000000 -0.000000
v -0.980007 0.000000 -1.000000
v -9.020000 0.000000 1.000000
v -9.020000 0.000000 0.000000
v -8.980000 0.000000 1.000000
v -8.980000 0.000000 0.000000
v -8.020001 0.000000 1.000000
v -8.020001 0.000000 0.000000
v -7.980001 0.000000 1.000000
v -7.980002 0.000000 0.000000
v -7.020002 0.000000 1.000000
v -7.020002 0.000000 0.000000
v -6.980002 0.000000 1.000000
v -6.980002 0.000000 0.000000
v -6.020003 0.000000 1.000000
v -6.020003 0.000000 0.000000
v -5.980003 0.000000 1.000000
v -5.980003 0.000000 0.000001
v -5.020004 0.000000 1.000001
v -5.020004 0.000000 0.000001
v -4.980004 0.000000 1.000001
v -4.980004 0.000000 0.000001
v -4.020005 0.000000 1.000001
v -4.020005 0.000000 0.000001
v -3.980005 0.000000 1.000001
v -3.980005 0.000000 0.000001
v -3.020006 0.000000 1.000001
v -3.020006 0.000000 0.000001
v -2.980006 0.000000 1.000001
v -2.980006 0.000000 0.000001
v -2.020007 0.000000 1.000000
v -2.020007 0.000000 -0.000000
v -1.980007 0.000000 1.000000
v -1.980007 0.000000 -0.000000
v -1.020008 0.000000 1.000000
v -1.020008 0.000000 -0.000000
v -0.980007 0.000000 1.000000
v -0.980007 0.000000 -0.000000
v -9.020000 0.000000 2.000000
v -9.020000 0.000000 1.000000
v -8.980000 0.000000 2.000000
v -8.980000 0.000000 1.000000
v -8.020001 0.000000 2.000000
v -8.020001 0.000000 1.000000
v -7.980001 0.000000 2.000000
v -7.980001 0.000000 1.000000
v -7.020002 0.000000 2.000000
v -7.020002 0.000000 1.000000
v -6.980002 0.000000 2.000000
v -6.980002 0.000000 1.000000
v -6.020003 0.000000 2.000000
v -6.020003 0.000000 1.000000
v -5.980003 0.000000 2.000000
v -5.980003 0.000000 1.000000
v -5.020004 0.000000 2.000000
v -5.020004 0.000000 1.000001
v -4.980004 0.000000 2.000000
v -4.980004 0.000000 1.000001
v -4.020005 0.000000 2.000001
v -4.020005 0.000000 1.000001
v -3.980005 0.000000 2.000001
v -3.980005 0.000000 1.000001
v -3.020006 0.000000 2.000001
v -3.020006 0.000000 1.000001
v -2.980006 0.000000 2.000001
v -2.980006 0.000000 1.000001
v -2.020007 0.000000 2.000000
v -2.020007 0.000000 1.000000
v -1.980007 0.000000 2.000000
v -1.980007 0.000000 1.000000
v -1.020008 0.000000 2.000000
v -1.020008 0.000000 1.000000
v -0.980007 0.000000 2.000000
v -0.980007 0.000000 1.000000
v -9.020000 0.000000 3.000000
v -9.020000 0.000000 2.000000
v -8.980000 0.000000 3.000000
v -8.980000 0.000000 2.000000
v -8.020000 0.000000 3.000000
v -8.020001 0.000000 2.000000
v -7.980001 0.000000 3.000000
v -7.980001 0.000000 2.000000
v -7.020002 0.000000 3.000000
v -7.020002 0.000000 2.000000
v -6.980002 0.000000 3.000000
v -6.980002 0.000000 2.000000
v -6.020003 0.000000 3.000000
v -6.020003 0.000000 2.000000
v -5.980003 0.000000 3.000000
v -5.980003 0.000000 2.000000
v -5.020004 0.000000 3.000000
v -5.020004 0.000000 2.000000
v -4.980004 0.000000 3.000000
v -4.980004 0.000000 2.000000
v -4.020005 0.000000 3.000001
v -4.020005 0.000000 2.000001
v -3.980005 0.000000 3.000001
v -3.980005 0.000000 2.000001
v -3.020006 0.000000 3.000001
v -3.020006 0.000000 2.000001
v -2.980006 0.000000 3.000001
v -2.980006 0.000000 2.000001
v -2.020007 0.000000 3.000000
v -2.020007 0.000000 2.000000
v -1.980007 0.000000 3.000000
v -1.980007 0.000000 2.000000
v -1.020008 0.000000 3.000000
v -1.020008 0.000000 2.000000
v -0.980007 0.000000 3.000000
v -0.980007 0.000000 2.000000
v -9.020000 0.000000 4.000000
v -9.020000 0.000000 3.000000
v -8.980000 0.000000 4.000000
v -8.980000 0.000000 3.000000
v -8.020000 0.000000 4.000000
v -8.020000 0.000000 3.000000
v -7.980001 0.000000 4.000000
v -7.980001 0.000000 3.000000
v -7.020002 0.000000 4.000000
v -7.020002 0.000000 3.000000
v -6.980002 0.000000 4.000000
v -6.980002 0.000000 3.000000
v -6.020003 0.000000 4.000000
v -6.020003 0.000000 3.000000
v -5.980003 0.000000 4.000000
v -5.980003 0.000000 3.000000
v -5.020004 0.000000 4.000000
v -5.020004 0.000000 3.000000
v -4.980004 0.000000 4.000000
v -4.980004 0.000000 3.000000
v -4.020005 0.000000 4.000000
v -4.020005 0.000000 3.000001
v -3.980005 0.000000 4.000000
v -3.980005 0.000000 3.000001
v -3.020006 0.000000 4.000001
v -3.020006 0.000000 3.000001
v -2.980006 0.000000 4.000001
v -2.980006 0.000000 3.000001
v -2.020007 0.000000 4.000000
v -2.020007 0.000000 3.000000
v -1.980007 0.000000 4.000000
v -1.980007 0.000000 3.000000
v -1.020008 0.000000 4.000000
v -1.020008 0.000000 3.000000
v -0.980007 0.000000 4.000000
v -0.980007 0.000000 3.000000
v -9.020000 0.000000 5.000000
v -9.020000 0.000000 4.000000
v -8.980000 0.000000 5.000000
v -8.980000 0.000000 4.000000
v -8.020000 0.000000 5.000000
v -8.020000 0.000000 4.000000
v -7.980001 0.000000 5.000000
v -7.980001 0.000000 4.000000
v -7.020002 0.000000 5.000000
v -7.020002 0.000000 4.000000
v -6.980002 0.000000 5.000000
v -6.980002 0.000000 4.000000
v -6.020003 0.000000 5.000000
v -6.020003 0.000000 4.000000
v -5.980003 0.000000 5.000000
v -5.980003 0.000000 4.000000
v -5.020004 0.000000 5.000000
v -5.020004 0.000000 4.000000
v -4.980004 0.000000 5.000000
v -4.980004 0.000000 4.000000
v -4.020005 0.000000 5.000000
v -4.020005 0.000000 4.000000
v -3.980005 0.000000 5.000000
v -3.980005 0.000000 4.000000
v -3.020006 0.000000 5.000001
v -3.020006 0.000000 4.000001
v -2.980006 0.000000 5.000001
v -2.980006 0.000000 4.000001
v -2.020007 0.000000 5.000000
v -2.020007 0.000000 4.000000
v -1.980007 0.000000 5.000000
v -1.980007 0.000000 4.000000
v -1.020008 0.000000 5.000000
v -1.020008 0.000000 4.000000
v -0.980008 0.000000 5.000000
v -0.980007 0.000000 4.000000
v -9.020000 0.000000 6.000000
v -9.020000 0.000000 5.000000
v -8.980000 0.000000 6.000000
v -8.980000 0.000000 5.000000
v -8.020000 0.000000 6.000000
v -8.020000 0.000000 5.000000
v -7.980001 0.000000 6.000000
v -7.980001 0.000000 5.000000
v -7.020002 0.000000 6.000000
v -7.020002 0.000000 5.000000
v -6.980002 0.000000 6.000000
v -6.980002 0.000000 5.000000
v -6.020003 0.000000 6.000000
v -6.020003 0.000000 5.000000
v -5.980003 0.000000 6.000000
v -5.980003 0.000000 5.000000
v -5.020004 0.000000 6.000000
v -5.020004 0.000000 5.000000
v -4.980004 0.000000 6.000000
v -4.980004 0.000000 5.000000
v -4.020005 0.000000 6.000000
v -4.020005 0.000000 5.000000
v -3.980005 0.000000 6.000000
v -3.980005 0.000000 5.000000
v -3.020006 0.000000 6.000001
v -3.020006 0.000000 5.000001
v -2.980006 0.000000 6.000001
v -2.980006 0.000000 5.000001
v -2.020007 0.000000 6.000000
v -2.020007 0.000000 5.000000
v -1.980007 0.000000 6.000000
v -1.980007 0.000000 5.000000
v -1.020008 0.000000 6.000000
v -1.020008 0.000000 5.000000
v -0.980008 0.000000 6.000000
v -0.980008 0.000000 5.000000
v -9.020000 0.000000 7.000000
v -9.020000 0.000000 6.000000
v -8.980000 0.000000 7.000000
v -8.980000 0.000000 6.000000
v -8.020001 0.000000 7.000000
v -8.020000 0.000000 6.000000
v -7.980001 0.000000 7.000000
v -7.980001 0.000000 6.000000
v -7.020002 0.000000 7.000000
v -7.020002 0.000000 6.000000
v -6.980002 0.000000 7.000000
v -6.980002 0.000000 6.000000
v -6.020003 0.000000 7.000000
v -6.020003 0.000000 6.000000
v -5.980003 0.000000 7.000000
v -5.980003 0.000000 6.000000
v -5.020004 0.000000 7.000000
v -5.020004 0.000000 6.000000
v -4.980004 0.000000 7.000000
v -4.980004 0.000000 6.000000
v -4.020005 0.000000 7.000000
v -4.020005 0.000000 6.000000
v -3.980005 0.000000 7.000000
v -3.980005 0.000000 6.000000
v -3.020006 0.000000 7.000001
v -3.020006 0.000000 6.000001
v -2.980006 0.000000 7.000001
v -2.980006 0.000000 6.000001
v -2.020007 0.000000 7.000001
v -2.020007 0.000000 6.000000
v -1.980007 0.000000 7.000001
v -1.980007 0.000000 6.000000
v -1.020008 0.000000 7.000001
v -1.020008 0.000000 6.000000
v -0.980008 0.000000 7.000001
v -0.980008 0.000000 6.000000
v -9.020000 0.000000 8.000000
v -9.020000 0.000000 7.000000
v -8.980000 0.000000 8.000000
v -8.980000 0.000000 7.000000
v -8.020001 0.000000 8.000000
v -8.020001 0.000000 7.000000
v -7.980001 0.000000 8.000000
v -7.980001 0.000000 7.000000
v -7.020002 0.000000 8.000000
v -7.020002 0.000000 7.000000
v -6.980002 0.000000 8.000000
v -6.980002 0.000000 7.000000
v -6.020003 0.000000 8.000001
v -6.020003 0.000000 7.000000
v -5.980003 0.000000 8.000001
v -5.980003 0.000000 7.000000
v -5.020004 0.000000 8.000001
v -5.020004 0.000000 7.000000
v -4.980004 0.000000 8.000001
v -4.980004 0.000000 7.000000
v -4.020005 0.000000 8.000001
v -4.020005 0.000000 7.000000
v -3.980005 0.000000 8.000001
v -3.980005 0.000000 7.000000
v -3.020006 0.000000 8.000001
v -3.020006 0.000000 7.000001
v -2.980006 0.000000 8.000001
v -2.980006 0.000000 7.000001
v -2.020007 0.000000 8.000001
v -2.020007 0.000000 7.000001
v -1.980007 0.000000 8.000001
v -1.980007 0.000000 7.000001
v -1.020008 0.000000 8.000001
v -1.020008 0.000000 7.000001
v -0.980008 0.000000 8.000001
v -0.980008 0.000000 7.000001
v -9.020000 0.000000 9.000000
v -9.020000 0.000000 8.000000
v -8.980000 0.000000 9.000000
v -8.980000 0.000000 8.000000
v -8.020001 0.000000 9.000000
v -8.020001 0.000000 8.000000
v -7.980001 0.000000 9.000000
v -7.980001 0.000000 8.000000
v -7.020002 0.000000 9.000000
v -7.020002 0.000000 8.000000
v -6.980002 0.000000 9.000000
v -6.980002 0.000000 8.000000
v -6.020003 0.000000 9.000001
v -6.020003 0.000000 8.000001
v -5.980003 0.000000 9.000001
v -5.980003 0.000000 8.000001
v -5.020004 0.000000 9.000001
v -5.020004 0.000000 8.000001
v -4.980004 0.000000 9.000001
v -4.980004 0.000000 8.000001
v -4.020005 0.000000 9.000001
v -4.020005 0.000000 8.000001
v -3.980005 0.000000 9.000001
v -3.980005 0.000000 8.000001
v -3.020006 0.000000 9.000001
v -3.020006 0.000000 8.000001
v -2.980006 0.000000 9.000001
v -2.980006 0.000000 8.000001
v -2.020007 0.000000 9.000001
v -2.020007 0.000000 8.000001
v -1.980007 0.000000 9.000001
v -1.980007 0.000000 8.000001
v -1.020008 0.000000 9.000001
v -1.020008 0.000000 8.000001
v -0.980008 0.000000 9.000001
v -0.980008 0.000000 8.000001
v -9.020000 0.000000 10.000000
v -9.020000 0.000000 9.000000
v -8.980000 0.000000 10.000000
v -8.980000 0.000000 9.000000
v -8.020001 0.000000 10.000000
v -8.020001 0.000000 9.000000
v -7.980002 0.000000 10.000000
v -7.980001 0.000000 9.000000
v -7.020002 0.000000 10.000000
v -7.020002 0.000000 9.000000
v -6.980002 0.000000 10.000000
v -6.980002 0.000000 9.000000
v -6.020003 0.000000 10.000001
v -6.020003 0.000000 9.000001
v -5.980003 0.000000 10.000001
v -5.980003 0.000000 9.000001
v -5.020004 0.000000 10.000001
v -5.020004 0.000000 9.000001
v -4.980004 0.000000 10.000001
v -4.980004 0.000000 9.000001
v -4.020005 0.000000 10.000001
v -4.020005 0.000000 9.000001
v -3.980005 0.000000 10.000001
v -3.980005 0.000000 9.000001
v -3.020006 0.000000 10.000001
v -3.020006 0.000000 9.000001
v -2.980006 0.000000 10.000001
v -2.980006 0.000000 9.000001
v -2.020007 0.000000 10.000001
v -2.020007 0.000000 9.000001
v -1.980007 0.000000 10.000001
v -1.980007 0.000000 9.000001
v -1.020008 0.000000 10.000001
v -1.020008 0.000000 9.000001
v -0.980007 0.000000 10.000001
v -0.980008 0.000000 9.000001
v 0.980000 0.000000 -9.000000
v 0.980000 0.000000 -10.000000
v 1.020000 0.000000 -9.000000
v 1.020000 0.000000 -10.000000
v 1.979999 0.000000 -9.000000
v 1.979999 0.000000 -10.000000
v 2.019999 0.000000 -9.000000
v 2.019999 0.000000 -10.000000
v 2.979998 0.000000 -9.000000
v 2.979998 0.000000 -10.000000
v 3.019998 0.000000 -9.000000
v 3.019998 0.000000 -10.000000
v 3.979997 0.000000 -9.000000
v 3.979997 0.000000 -10.000000
v 4.019997 0.000000 -9.000000
v 4.019998 0.000000 -10.000000
v 4.979996 0.000000 -9.000000
v 4.979997 0.000000 -10.000000
v 5.019996 0.000000 -9.000000
v 5.019997 0.000000 -10.000000
v 5.979995 0.000000 -9.000000
v 5.979996 0.000000 -10.000000
v 6.019995 0.000000 -9.000000
v 6.019996 0.000000 -10.000000
v 6.979994 0.000000 -8.999999
v 6.979995 0.000000 -9.999999
v 7.019994 0.000000 -8.999999
v 7.019995 0.000000 -9.999999
v 7.979993 0.000000 -9.000000
v 7.979994 0.000000 -10.000000
v 8.019994 0.000000 -9.000000
v 8.019994 0.000000 -10.000000
v 8.979993 0.000000 -9.000000
v 8.979993 0.000000 -10.000000
v 9.019993 0.000000 -9.000000
v 9.019993 0.000000 -10.000000
v 0.980000 0.000000 -8.000000
v 0.980000 0.000000 -9.000000
v 1.020000 0.000000 -8.000000
v 1.020000 0.000000 -9.000000
v 1.979999 0.000000 -8.000000
v 1.979999 0.000000 -9.000000
v 2.019999 0.000000 -8.000000
v 2.019999 0.000000 -9.000000
v 2.979998 0.000000 -8.000000
v 2.979998 0.000000 -9.000000
v 3.019998 0.000000 -8.000000
v 3.019998 0.000000 -9.000000
v 3.979997 0.000000 -8.000000
v 3.979997 0.000000 -9.000000
v 4.019997 0.000000 -8.000000
v 4.019997 0.000000 -9.000000
v 4.979996 0.000000 -8.000000
v 4.979996 0.000000 -9.000000
v 5.019996 0.000000 -8.000000
v 5.019996 0.000000 -9.000000
v 5.979995 0.000000 -8.000000
v 5.979995 0.000000 -9.000000
v 6.019995 0.000000 -8.000000
v 6.019995 0.000000 -9.000000
v 6.979994 0.000000 -8.000000
v 6.979994 0.000000 -8.999999
v 7.019994 0.000000 -8.000000
v 7.019994 0.000000 -8.999999
v 7.979993 0.000000 -8.000000
v 7.979993 0.000000 -9.000000
v 8.019994 0.000000 -8.000000
v 8.019994 0.000000 -9.000000
v 8.979993 0.000000 -8.000000
v 8.979993 0.000000 -9.000000
v 9.019993 0.000000 -8.000000
v 9.019993 0.000000 -9.000000
v 0.980000 0.000000 -7.000000
v 0.980000 0.000000 -8.000000
v 1.020000 0.000000 -7.000000
v 1.020000 0.000000 -8.000000
v 1.979999 0.000000 -7.000000
v 1.979999 0.000000 -8.000000
v 2.019999 0.000000 -7.000000
v 2.019999 0.000000 -8.000000
v 2.979998 0.000000 -7.000000
v 2.979998 0.000000 -8.000000
v 3.019998 0.000000 -7.000000
v 3.019998 0.000000 -8.000000
v 3.979997 0.000000 -7.000000
v 3.979997 0.000000 -8.000000
v 4.019997 0.000000 -7.000000
v 4.019997 0.000000 -8.000000
v 4.979996 0.000000 -7.000000
v 4.979996 0.000000 -8.000000
v 5.019996 0.000000 -7.000000
v 5.019996 0.000000 -8.000000
v 5.979995 0.000000 -7.000000
v 5.979995 0.000000 -8.000000
v 6.019995 0.000000 -7.000000
v 6.019995 0.000000 -8.000000
v 6.979994 0.000000 -7.000000
v 6.979994 0.000000 -8.000000
v 7.019994 0.000000 -7.000000
v 7.019994 0.000000 -8.000000
v 7.979993 0.000000 -7.000000
v 7.979993 0.000000 -8.000000
v 8.019994 0.000000 -7.000000
v 8.019994 0.000000 -8.000000
v 8.979993 0.000000 -7.000000
v 8.979993 0.000000 -8.000000
v 9.019993 0.000000 -7.000000
v 9.019993 0.000000 -8.000000
v 0.980000 0.000000 -6.000000
v 0.980000 0.000000 -7.000000
v 1.020000 0.000000 -6.000000
v 1.020000 0.000000 -7.000000
v 1.979999 0.000000 -6.000000
v 1.979999 0.000000 -7.000000
v 2.019999 0.000000 -6.000000
v 2.019999 0.000000 -7.000000
v 2.979998 0.000000 -6.000000
v 2.979998 0.000000 -7.000000
v 3.019998 0.000000 -6.000000
v 3.019998 0.000000 -7.000000
v 3.979997 0.000000 -6.000000
v 3.979997 0.000000 -7.000000
v 4.019997 0.000000 -6.000000
v 4.019997 0.000000 -7.000000
v 4.979996 0.000000 -6.000000
v 4.979996 0.000000 -7.000000
v 5.019996 0.000000 -6.000000
v 5.019996 0.000000 -7.000000
v 5.979995 0.000000 -6.000000
v 5.979995 0.000000 -7.000000
v 6.019995 0.000000 -6.000000
v 6.019995 0.000000 -7.000000
v 6.979994 0.000000 -6.000000
v 6.979994 0.000000 -7.000000
v 7.019994 0.000000 -6.000000
v 7.019994 0.000000 -7.000000
v 7.979993 0.000000 -6.000000
v 7.979993 0.000000 -7.000000
v 8.019993 0.000000 -6.000000
v 8.019994 0.000000 -7.000000
v 8.979992 0.000000 -6.000000
v 8.979993 0.000000 -7.000000
v 9.019992 0.000000 -6.000000
v 9.019993 0.000000 -7.000000
v 0.980000 0.000000 -5.000000
v 0.980000 0.000000 -6.000000
v 1.020000 0.000000 -5.000000
v 1.020000 0.000000 -6.000000
v 1.979999 0.000000 -5.000000
v 1.979999 0.000000 -6.000000
v 2.019999 0.000000 -5.000000
v 2.019999 0.000000 -6.000000
v 2.979998 0.000000 -5.000000
v 2.979998 0.000000 -6.000000
v 3.019998 0.000000 -5.000000
v 3.019998 0.000000 -6.000000
v 3.979997 0.000000 -5.000000
v 3.979997 0.000000 -6.000000
v 4.019997 0.000000 -5.000000
v 4.019997 0.000000 -6.000000
v 4.979996 0.000000 -5.000000
v 4.979996 0.000000 -6.000000
v 5.019996 0.000000 -5.000000
v 5.019996 0.000000 -6.000000
v 5.979995 0.000000 -5.000000
v 5.979995 0.000000 -6.000000
v 6.019995 0.000000 -5.000000
v 6.019995 0.000000 -6.000000
v 6.979994 0.000000 -5.000000
v 6.979994 0.000000 -6.000000
v 7.019994 0.000000 -5.000000
v 7.019994 0.000000 -6.000000
v 7.979993 0.000000 -5.000000
v 7.979993 0.000000 -6.000000
v 8.019993 0.000000 -5.000000
v 8.019993 0.000000 -6.000000
v 8.979992 0.000000 -5.000000
v 8.979992 0.000000 -6.000000
v 9.019992 0.000000 -5.000000
v 9.019992 0.000000 -6.000000
v 0.980000 0.000000 -4.000000
v 0.980000 0.000000 -5.000000
v 1.020000 0.000000 -4.000000
v 1.020000 0.000000 -5.000000
v 1.979999 0.000000 -4.000000
v 1.979999 0.000000 -5.000000
v 2.019999 0.000000 -4.000000
v 2.019999 0.000000 -5.000000
v 2.979998 0.000000 -4.000000
v 2.979998 0.000000 -5.000000
v 3.019998 0.000000 -4.000000
v 3.019998 0.000000 -5.000000
v 3.979997 0.000000 -4.000000
v 3.979997 0.000000 -5.000000
v 4.019997 0.000000 -4.000000
v 4.019997 0.000000 -5.000000
v 4.979996 0.000000 -4.000000
v 4.979996 0.000000 -5.000000
v 5.019996 0.000000 -4.000000
v 5.019996 0.000000 -5.000000
v 5.979995 0.000000 -4.000000
v 5.979995 0.000000 -5.000000
v 6.019995 0.000000 -4.000000
v 6.019995 0.000000 -5.000000
v 6.979994 0.000000 -4.000000
v 6.979994 0.000000 -5.000000
v 7.019994 0.000000 -4.000000
v 7.019994 0.000000 -5.000000
v 7.979993 0.000000 -4.000000
v 7.979993 0.000000 -5.000000
v 8.019993 0.000000 -4.000000
v 8.019993 0.000000 -5.000000
v 8.979992 0.000000 -4.000000
v 8.979992 0.000000 -5.000000
v 9.019992 0.000000 -4.000000
v 9.019992 0.000000 -5.000000
v 0.980000 0.000000 -3.000000
v 0.980000 0.000000 -4.000000
v 1.020000 0.000000 -3.000000
v 1.020000 0.000000 -4.000000
v 1.979999 0.000000 -3.000000
v 1.979999 0.000000 -4.000000
v 2.019999 0.000000 -3.000000
v 2.019999 0.000000 -4.000000
v 2.979998 0.000000 -3.000000
v 2.979998 0.000000 -4.000000
v 3.019998 0.000000 -3.000000
v 3.019998 0.000000 -4.000000
v 3.979997 0.000000 -3.000000
v 3.979997 0.000000 -4.000000
v 4.019997 0.000000 -3.000000
v 4.019997 0.000000 -4.000000
v 4.979996 0.000000 -3.000000
v 4.979996 0.000000 -4.000000
v 5.019996 0.000000 -3.000000
v 5.019996 0.000000 -4.000000
v 5.979995 0.000000 -3.000000
v 5.979995 0.000000 -4.000000
v 6.019995 0.000000 -3.000000
v 6.019995 0.000000 -4.000000
v 6.979994 0.000000 -3.000000
v 6.979994 0.000000 -4.000000
v 7.019994 0.000000 -3.000000
v 7.019994 0.000000 -4.000000
v 7.979993 0.000000 -3.000000
v 7.979993 0.000000 -4.000000
v 8.019993 0.000000 -3.000000
v 8.019993 0.000000 -4.000000
v 8.979992 0.000000 -3.000000
v 8.979992 0.000000 -4.000000
v 9.019993 0.000000 -3.000000
v 9.019992 0.000000 -4.000000
v 0.980000 0.000000 -2.000000
v 0.980000 0.000000 -3.000000
v 1.020000 0.000000 -2.000000
v 1.020000 0.000000 -3.000000
v 1.979999 0.000000 -2.000000
v 1.979999 0.000000 -3.000000
v 2.019999 0.000000 -2.000000
v 2.019999 0.000000 -3.000000
v 2.979998 0.000000 -2.000000
v 2.979998 0.000000 -3.000000
v 3.019998 0.000000 -2.000000
v 3.019998 0.000000 -3.000000
v 3.979997 0.000000 -2.000000
v 3.979997 0.000000 -3.000000
v 4.019997 0.000000 -2.000000
v 4.019997 0.000000 -3.000000
v 4.979996 0.000000 -2.000000
v 4.979996 0.000000 -3.000000
v 5.019996 0.000000 -2.000000
v 5.019996 0.000000 -3.000000
v 5.979995 0.000000 -2.000000
v 5.979995 0.000000 -3.000000
v 6.019995 0.000000 -2.000000
v 6.019995 0.000000 -3.000000
v 6.979994 0.000000 -2.000000
v 6.979994 0.000000 -3.000000
v 7.019994 0.000000 -2.000000
v 7.019994 0.000000 -3.000000
v 7.979993 0.000000 -2.000000
v 7.979993 0.000000 -3.000000
v 8.019993 0.000000 -2.000000
v 8.019993 0.000000 -3.000000
v 8.979992 0.000000 -2.000000
v 8.979992 0.000000 -3.000000
v 9.019993 0.000000 -2.000000
v 9.019993 0.000000 -3.000000
v 0.980000 0.000000 -1.000000
v 0.980000 0.000000 -2.000000
v 1.020000 0.000000 -1.000000
v 1.020000 0.000000 -2.000000
v 1.979999 0.000000 -1.000000
v 1.979999 0.000000 -2.000000
v 2.019999 0.000000 -1.000000
v 2.019999 0.000000 -2.000000
v 2.979998 0.000000 -1.000000
v 2.979998 0.000000 -2.000000
v 3.019998 0.000000 -1.000000
v 3.019998 0.000000 -2.000000
v 3.979997 0.000000 -1.000000
v 3.979997 0.000000 -2.000000
v 4.019997 0.000000 -1.000000
v 4.019997 0.000000 -2.000000
v 4.979996 0.000000 -1.000000
v 4.979996 0.000000 -2.000000
v 5.019996 0.000000 -1.000000
v 5.019996 0.000000 -2.000000
v 5.979995 0.000000 -1.000000
v 5.979995 0.000000 -2.000000
v 6.019995 0.000000 -1.000000
v 6.019995 0.000000 -2.000000
v 6.979994 0.000000 -0.999999
v 6.979994 0.000000 -2.000000
v 7.019994 0.000000 -0.999999
v 7.019994 0.000000 -2.000000
v 7.979993 0.000000 -1.000000
v 7.979993 0.000000 -2.000000
v 8.019993 0.000000 -1.000000
v 8.019993 0.000000 -2.000000
v 8.979992 0.000000 -1.000000
v 8.979992 0.000000 -2.000000
v 9.019993 0.000000 -1.000000
v 9.019993 0.000000 -2.000000
v 0.980000 0.000000 0.000000
v 0.980000 0.000000 -1.000000
v 1.020000 0.000000 0.000000
v 1.020000 0.000000 -1.000000
v 1.979999 0.000000 0.000000
v 1.979999 0.000000 -1.000000
v 2.019999 0.000000 0.000000
v 2.019999 0.000000 -1.000000
v 2.979998 0.000000 0.000000
v 2.979998 0.000000 -1.000000
v 3.019998 0.000000 0.000000
v 3.019998 0.000000 -1.000000
v 3.979997 0.000000 0.000000
v 3.979997 0.000000 -1.000000
v 4.019997 0.000000 0.000000
v 4.019997 0.000000 -1.000000
v 4.979996 0.000000 0.000000
v 4.979996 0.000000 -1.000000
v 5.019997 0.000000 0.000000
v 5.019996 0.000000 -1.000000
v 5.979996 0.000000 0.000000
v 5.979995 0.000000 -1.000000
v 6.019996 0.000000 0.000000
v 6.019995 0.000000 -1.000000
v 6.979995 0.000000 0.000001
v 6.979994 0.000000 -0.999999
v 7.019995 0.000000 0.000001
v 7.019994 0.000000 -0.999999
v 7.979994 0.000000 -0.000000
v 7.979993 0.000000 -1.000000
v 8.019994 0.000000 -0.000000
v 8.019993 0.000000 -1.000000
v 8.979993 0.000000 -0.000000
v 8.979992 0.000000 -1.000000
v 9.019993 0.000000 -0.000000
v 9.019993 0.000000 -1.000000
v 0.980000 0.000000 1.000000
v 0.980000 0.000000 0.000000
v 1.020000 0.000000 1.000000
v 1.020000 0.000000 0.000000
v 1.979999 0.000000 1.000000
v 1.979999 0.000000 0.000000
v 2.019999 0.000000 1.000000
v 2.019999 0.000000 0.000000
v 2.979998 0.000000 1.000000
v 2.979998 0.000000 0.000000
v 3.019998 0.000000 1.000000
v 3.019998 0.000000 0.000000
v 3.979997 0.000000 1.000000
v 3.979997 0.000000 0.000000
v 4.019997 0.000000 1.000000
v 4.019997 0.000000 0.000000
v 4.979996 0.000000 1.000000
v 4.979996 0.000000 0.000000
v 5.019997 0.000000 1.000000
v 5.019997 0.000000 0.000000
v 5.979996 0.000000 1.000000
v 5.979996 0.000000 0.000000
v 6.019996 0.000000 1.000000
v 6.019996 0.000000 0.000000
v 6.979995 0.000000 1.000000
v 6.979995 0.000000 0.000001
v 7.019995 0.000000 1.000000
v 7.019995 0.000000 0.000001
v 7.979994 0.000000 1.000000
v 7.979994 0.000000 -0.000000
v 8.019994 0.000000 1.000000
v 8.019994 0.000000 -0.000000
v 8.979993 0.000000 1.000000
v 8.979993 0.000000 -0.000000
v 9.019993 0.000000 1.000000
v 9.019993 0.000000 -0.000000
v 0.980000 0.000000 2.000000
v 0.980000 0.000000 1.000000
v 1.020000 0.000000 2.000000
v 1.020000 0.000000 1.000000
v 1.979999 0.000000 2.000000
v 1.979999 0.000000 1.000000
v 2.019999 0.000000 2.000000
v 2.019999 0.000000 1.000000
v 2.979998 0.000000 2.000000
v 2.979998 0.000000 1.000000
v 3.019998 0.000000 2.000000
v 3.019998 0.000000 1.000000
v 3.979997 0.000000 2.000000
v 3.979997 0.000000 1.000000
v 4.019998 0.000000 2.000000
v 4.019997 0.000000 1.000000
v 4.979997 0.000000 2.000000
v 4.979996 0.000000 1.000000
v 5.019997 0.000000 2.000000
v 5.019997 0.000000 1.000000
v 5.979996 0.000000 2.000000
v 5.979996 0.000000 1.000000
v 6.019996 0.000000 2.000000
v 6.019996 0.000000 1.000000
v 6.979995 0.000000 2.000000
v 6.979995 0.000000 1.000000
v 7.019995 0.000000 2.000000
v 7.019995 0.000000 1.000000
v 7.979994 0.000000 2.000000
v 7.979994 0.000000 1.000000
v 8.019994 0.000000 2.000000
v 8.019994 0.000000 1.000000
v 8.979993 0.000000 2.000000
v 8.979993 0.000000 1.000000
v 9.019993 0.000000 2.000000
v 9.019993 0.000000 1.000000
v 0.980000 0.000000 3.000000
v 0.980000 0.000000 2.000000
v 1.020000 0.000000 3.000000
v 1.020000 0.000000 2.000000
v 1.979999 0.000000 3.000000
v 1.979999 0.000000 2.000000
v 2.019999 0.000000 3.000000
v 2.019999 0.000000 2.000000
v 2.979998 0.000000 3.000000
v 2.979998 0.000000 2.000000
v 3.019998 0.000000 3.000000
v 3.019998 0.000000 2.000000
v 3.979997 0.000000 3.000000
v 3.979997 0.000000 2.000000
v 4.019998 0.000000 3.000000
v 4.019998 0.000000 2.000000
v 4.979997 0.000000 3.000000
v 4.979997 0.000000 2.000000
v 5.019997 0.000000 3.000000
v 5.019997 0.000000 2.000000
v 5.979996 0.000000 3.000000
v 5.979996 0.000000 2.000000
v 6.019996 0.000000 3.000000
v 6.019996 0.000000 2.000000
v 6.979995 0.000000 3.000000
v 6.979995 0.000000 2.000000
v 7.019995 0.000000 3.000000
v 7.019995 0.000000 2.000000
v 7.979994 0.000000 3.000000
v 7.979994 0.000000 2.000000
v 8.019994 0.000000 3.000000
v 8.019994 0.000000 2.000000
v 8.979993 0.000000 3.000000
v 8.979993 0.000000 2.000000
v 9.019993 0.000000 3.000000
v 9.019993 0.000000 2.000000
v 0.980000 0.000000 4.000000
v 0.980000 0.000000 3.000000
v 1.020000 0.000000 4.000000
v 1.020000 0.000000 3.000000
v 1.979999 0.000000 4.000000
v 1.979999 0.000000 3.000000
v 2.019999 0.000000 4.000000
v 2.019999 0.000000 3.000000
v 2.979998 0.000000 4.000000
v 2.979998 0.000000 3.000000
v 3.019998 0.000000 4.000000
v 3.019998 0.000000 3.000000
v 3.979997 0.000000 4.000000
v 3.979997 0.000000 3.000000
v 4.019997 0.000000 4.000000
v 4.019998 0.000000 3.000000
v 4.979996 0.000000 4.000000
v 4.979997 0.000000 3.000000
v 5.019996 0.000000 4.000000
v 5.019997 0.000000 3.000000
v 5.979995 0.000000 4.000000
v 5.979996 0.000000 3.000000
v 6.019995 0.000000 4.000000
v 6.019996 0.000000 3.000000
v 6.979994 0.000000 4.000000
v 6.979995 0.000000 3.000000
v 7.019994 0.000000 4.000000
v 7.019995 0.000000 3.000000
v 7.979993 0.000000 4.000000
v 7.979994 0.000000 3.000000
v 8.019994 0.000000 4.000000
v 8.019994 0.000000 3.000000
v 8.979993 0.000000 4.000000
v 8.979993 0.000000 3.000000
v 9.019993 0.000000 4.000000
v 9.019993 0.000000 3.000000
v 0.980000 0.000000 5.000000
v 0.980000 0.000000 4.000000
v 1.020000 0.000000 5.000000
v 1.020000 0.000000 4.000000
v 1.979999 0.000000 5.000000
v 1.979999 0.000000 4.000000
v 2.019999 0.000000 5.000000
v 2.019999 0.000000 4.000000
v 2.979998 0.000000 5.000000
v 2.979998 0.000000 4.000000
v 3.019998 0.000000 5.000000
v 3.019998 0.000000 4.000000
v 3.979997 0.000000 5.000000
v 3.979997 0.000000 4.000000
v 4.019997 0.000000 5.000000
v 4.019997 0.000000 4.000000
v 4.979996 0.000000 5.000000
v 4.979996 0.000000 4.000000
v 5.019996 0.000000 5.000000
v 5.019996 0.000000 4.000000
v 5.979995 0.000000 5.000000
v 5.979995 0.000000 4.000000
v 6.019995 0.000000 5.000000
v 6.019995 0.000000 4.000000
v 6.979994 0.000000 5.000000
v 6.979994 0.000000 4.000000
v 7.019994 0.000000 5.000000
v 7.019994 0.000000 4.000000
v 7.979993 0.000000 5.000000
v 7.979993 0.000000 4.000000
v 8.019994 0.000000 5.000000
v 8.019994 0.000000 4.000000
v 8.979993 0.000000 5.000000
v 8.979993 0.000000 4.000000
v 9.019993 0.000000 5.000000
v 9.019993 0.000000 4.000000
v 0.980000 0.000000 6.000000
v 0.980000 0.000000 5.000000
v 1.020000 0.000000 6.000000
v 1.020000 0.000000 5.000000
v 1.979999 0.000000 6.000000
v 1.979999 0.000000 5.000000
v 2.019999 0.000000 6.000000
v 2.019999 0.000000 5.000000
v 2.979998 0.000000 6.000000
v 2.979998 0.000000 5.000000
v 3.019998 0.000000 6.000000
v 3.019998 0.000000 5.000000
v 3.979997 0.000000 6.000000
v 3.979997 0.000000 5.000000
v 4.019997 0.000000 6.000000
v 4.019997 0.000000 5.000000
v 4.979996 0.000000 6.000000
v 4.979996 0.000000 5.000000
v 5.019996 0.000000 6.000000
v 5.019996 0.000000 5.000000
v 5.979995 0.000000 6.000000
v 5.979995 0.000000 5.000000
v 6.019995 0.000000 6.000000
v 6.019995 0.000000 5.000000
v 6.979994 0.000000 6.000000
v 6.979994 0.000000 5.000000
v 7.019994 0.000000 6.000000
v 7.019994 0.000000 5.000000
v 7.979993 0.000000 6.000000
v 7.979993 0.000000 5.000000
v 8.019994 0.000000 6.000000
v 8.019994 0.000000 5.000000
v 8.979993 0.000000 6.000000
v 8.979993 0.000000 5.000000
v 9.019993 0.000000 6.000000
v 9.019993 0.000000 5.000000
v 0.980000 0.000000 7.000000
v 0.980000 0.000000 6.000000
v 1.020000 0.000000 7.000000
v 1.020000 0.000000 6.000000
v 1.979999 0.000000 7.000000
v 1.979999 0.000000 6.000000
v 2.019999 0.000000 7.000000
v 2.019999 0.000000 6.000000
v 2.979998 0.000000 7.000000
v 2.979998 0.000000 6.000000
v 3.019998 0.000000 7.000000
v 3.019998 0.000000 6.000000
v 3.979997 0.000000 7.000000
v 3.979997 0.000000 6.000000
v 4.019997 0.000000 7.000000
v 4.019997 0.000000 6.000000
v 4.979996 0.000000 7.000000
v 4.979996 0.000000 6.000000
v 5.019996 0.000000 7.000000
v 5.019996 0.000000 6.000000
v 5.979995 0.000000 7.000000
v 5.979995 0.000000 6.000000
v 6.019995 0.000000 7.000000
v 6.019995 0.000000 6.000000
v 6.979994 0.000000 7.000000
v 6.979994 0.000000 6.000000
v 7.019994 0.000000 7.000000
v 7.019994 0.000000 6.000000
v 7.979993 0.000000 7.000000
v 7.979993 0.000000 6.000000
v 8.019993 0.000000 7.000000
v 8.019994 0.000000 6.000000
v 8.979992 0.000000 7.000000
v 8.979993 0.000000 6.000000
v 9.019992 0.000000 7.000000
v 9.019993 0.000000 6.000000
v 0.980000 0.000000 8.000000
v 0.980000 0.000000 7.000000
v 1.020000 0.000000 8.000000
v 1.020000 0.000000 7.000000
v 1.979999 0.000000 8.000000
v 1.979999 0.000000 7.000000
v 2.019999 0.000000 8.000000
v 2.019999 0.000000 7.000000
v 2.979998 0.000000 8.000000
v 2.979998 0.000000 7.000000
v 3.019998 0.000000 8.000000
v 3.019998 0.000000 7.000000
v 3.979997 0.000000 8.000000
v 3.979997 0.000000 7.000000
v 4.019997 0.000000 8.000000
v 4.019997 0.000000 7.000000
v 4.979996 0.000000 8.000000
v 4.979996 0.000000 7.000000
v 5.019996 0.000000 8.000000
v 5.019996 0.000000 7.000000
v 5.979995 0.000000 8.000000
v 5.979995 0.000000 7.000000
v 6.019995 0.000000 8.000000
v 6.019995 0.000000 7.000000
v 6.979994 0.000000 8.000001
v 6.979994 0.000000 7.000000
v 7.019994 0.000000 8.000001
v 7.019994 0.000000 7.000000
v 7.979993 0.000000 8.000001
v 7.979993 0.000000 7.000000
v 8.019993 0.000000 8.000001
v 8.019993 0.000000 7.000000
v 8.979992 0.000000 8.000001
v 8.979992 0.000000 7.000000
v 9.019992 0.000000 8.000001
v 9.019992 0.000000 7.000000
v 0.980000 0.000000 9.000000
v 0.980000 0.000000 8.000000
v 1.020000 0.000000 9.000000
v 1.020000 0.000000 8.000000
v 1.979999 0.000000 9.000000
v 1.979999 0.000000 8.000000
v 2.019999 0.000000 9.000000
v 2.019999 0.000000 8.000000
v 2.979998 0.000000 9.000000
v 2.979998 0.000000 8.000000
v 3.019998 0.000000 9.000000
v 3.019998 0.000000 8.000000
v 3.979997 0.000000 9.000000
v 3.979997 0.000000 8.000000
v 4.019997 0.000000 9.000000
v 4.019997 0.000000 8.000000
v 4.979996 0.000000 9.000000
v 4.979996 0.000000 8.000000
v 5.019996 0.000000 9.000000
v 5.019996 0.000000 8.000000
v 5.979995 0.000000 9.000000
v 5.979995 0.000000 8.000000
v 6.019995 0.000000 9.000000
v 6.019995 0.000000 8.000000
v 6.979994 0.000000 9.000001
v 6.979994 0.000000 8.000001
v 7.019994 0.000000 9.000001
v 7.019994 0.000000 8.000001
v 7.979993 0.000000 9.000001
v 7.979993 0.000000 8.000001
v 8.019993 0.000000 9.000001
v 8.019993 0.000000 8.000001
v 8.979992 0.000000 9.000001
v 8.979992 0.000000 8.000001
v 9.019992 0.000000 9.000001
v 9.019992 0.000000 8.000001
v 0.980000 0.000000 10.000000
v 0.980000 0.000000 9.000000
v 1.020000 0.000000 10.000000
v 1.020000 0.000000 9.000000
v 1.979999 0.000000 10.000000
v 1.979999 0.000000 9.000000
v 2.019999 0.000000 10.000000
v 2.019999 0.000000 9.000000
v 2.979998 0.000000 10.000000
v 2.979998 0.000000 9.000000
v 3.019998 0.000000 10.000000
v 3.019998 0.000000 9.000000
v 3.979997 0.000000 10.000000
v 3.979997 0.000000 9.000000
v 4.019997 0.000000 10.000000
v 4.019997 0.000000 9.000000
v 4.979996 0.000000 10.000000
v 4.979996 0.000000 9.000000
v 5.019996 0.000000 10.000000
v 5.019996 0.000000 9.000000
v 5.979995 0.000000 10.000000
v 5.979995 0.000000 9.000000
v 6.019995 0.000000 10.000000
v 6.019995 0.000000 9.000000
v 6.979994 0.000000 10.000001
v 6.979994 0.000000 9.000001
v 7.019994 0.000000 10.000001
v 7.019994 0.000000 9.000001
v 7.979993 0.000000 10.000001
v 7.979993 0.000000 9.000001
v 8.019993 0.000000 10.000001
v 8.019993 0.000000 9.000001
v 8.979992 0.000000 10.000001
v 8.979992 0.000000 9.000001
v 9.019993 0.000000 10.000001
v 9.019992 0.000000 9.000001
v -9.000001 0.000000 9.020000
v -10.000001 0.000000 9.020000
v -9.000001 0.000000 8.979999
v -10.000001 0.000000 8.979999
v -9.000001 0.000000 8.020000
v -10.000001 0.000000 8.020000
v -9.000001 0.000000 7.980000
v -10.000001 0.000000 7.980000
v -9.000001 0.000000 7.020001
v -10.000001 0.000000 7.020001
v -9.000001 0.000000 6.980001
v -10.000001 0.000000 6.980001
v -9.000000 0.000000 6.020002
v -10.000000 0.000000 6.020002
v -9.000000 0.000000 5.980002
v -10.000000 0.000000 5.980002
v -9.000000 0.000000 5.020003
v -10.000000 0.000000 5.020003
v -9.000000 0.000000 4.980003
v -10.000000 0.000000 4.980003
v -9.000000 0.000000 4.020004
v -10.000000 0.000000 4.020004
v -9.000000 0.000000 3.980004
v -10.000000 0.000000 3.980004
v -9.000000 0.000000 3.020005
v -10.000000 0.000000 3.020005
v -9.000000 0.000000 2.980005
v -10.000000 0.000000 2.980005
v -9.000000 0.000000 2.020006
v -10.000000 0.000000 2.020006
v -9.000000 0.000000 1.980006
v -10.000000 0.000000 1.980006
v -9.000000 0.000000 1.020007
v -10.000000 0.000000 1.020007
v -9.000000 0.000000 0.980007
v -10.000000 0.000000 0.980006
v -8.000001 0.000000 9.020000
v -9.000001 0.000000 9.020000
v -8.000001 0.000000 8.979999
v -9.000001 0.000000 8.979999
v -8.000001 0.000000 8.020000
v -9.000001 0.000000 8.020000
v -8.000001 0.000000 7.980000
v -9.000001 0.000000 7.980000
v -8.000001 0.000000 7.020001
v -9.000001 0.000000 7.020001
v -8.000001 0.000000 6.980001
v -9.000001 0.000000 6.980001
v -8.000000 0.000000 6.020002
v -9.000000 0.000000 6.020002
v -8.000000 0.000000 5.980002
v -9.000000 0.000000 5.980002
v -8.000000 0.000000 5.020003
v -9.000000 0.000000 5.020003
v -8.000000 0.000000 4.980003
v -9.000000 0.000000 4.980003
v -8.000000 0.000000 4.020004
v -9.000000 0.000000 4.020004
v -8.000000 0.000000 3.980004
v -9.000000 0.000000 3.980004
v -8.000000 0.000000 3.020005
v -9.000000 0.000000 3.020005
v -8.000000 0.000000 2.980005
v -9.000000 0.000000 2.980005
v -8.000000 0.000000 2.020006
v -9.000000 0.000000 2.020006
v -8.000000 0.000000 1.980006
v -9.000000 0.000000 1.980006
v -8.000000 0.000000 1.020007
v -9.000000 0.000000 1.020007
v -8.000000 0.000000 0.980007
v -9.000000 0.000000 0.980007
v -7.000000 0.000000 9.020000
v -8.000001 0.000000 9.020000
v -7.000000 0.000000 8.979999
v -8.000001 0.000000 8.979999
v -7.000000 0.000000 8.020000
v -8.000001 0.000000 8.020000
v -7.000000 0.000000 7.980000
v -8.000001 0.000000 7.980000
v -7.000000 0.000000 7.020001
v -8.000001 0.000000 7.020001
v -7.000000 0.000000 6.980001
v -8.000001 0.000000 6.980001
v -7.000000 0.000000 6.020002
v -8.000000 0.000000 6.020002
v -7.000000 0.000000 5.980002
v -8.000000 0.000000 5.980002
v -7.000000 0.000000 5.020003
v -8.000000 0.000000 5.020003
v -7.000000 0.000000 4.980003
v -8.000000 0.000000 4.980003
v -7.000000 0.000000 4.020004
v -8.000000 0.000000 4.020004
v -7.000000 0.000000 3.980004
v -8.000000 0.000000 3.980004
v -7.000000 0.000000 3.020005
v -8.000000 0.000000 3.020005
v -7.000000 0.000000 2.980005
v -8.000000 0.000000 2.980005
v -7.000000 0.000000 2.020006
v -8.000000 0.000000 2.020006
v -7.000000 0.000000 1.980006
v -8.000000 0.000000 1.980006
v -7.000000 0.000000 1.020007
v -8.000000 0.000000 1.020007
v -7.000000 0.000000 0.980007
v -8.000000 0.000000 0.980007
v -6.000000 0.000000 9.020000
v -7.000000 0.000000 9.020000
v -6.000000 0.000000 8.980000
v -7.000000 0.000000 8.979999
v -6.000000 0.000000 8.020000
v -7.000000 0.000000 8.020000
v -6.000000 0.000000 7.980000
v -7.000000 0.000000 7.980000
v -6.000000 0.000000 7.020001
v -7.000000 0.000000 7.020001
v -6.000000 0.000000 6.980001
v -7.000000 0.000000 6.980001
v -6.000000 0.000000 6.020002
v -7.000000 0.000000 6.020002
v -6.000000 0.000000 5.980002
v -7.000000 0.000000 5.980002
v -6.000000 0.000000 5.020003
v -7.000000 0.000000 5.020003
v -6.000000 0.000000 4.980003
v -7.000000 0.000000 4.980003
v -6.000000 0.000000 4.020004
v -7.000000 0.000000 4.020004
v -6.000000 0.000000 3.980004
v -7.000000 0.000000 3.980004
v -6.000000 0.000000 3.020005
v -7.000000 0.000000 3.020005
v -6.000000 0.000000 2.980005
v -7.000000 0.000000 2.980005
v -6.000000 0.000000 2.020006
v -7.000000 0.000000 2.020006
v -6.000000 0.000000 1.980006
v -7.000000 0.000000 1.980006
v -6.000000 0.000000 1.020007
v -7.000000 0.000000 1.020007
v -6.000000 0.000000 0.980007
v -7.000000 0.000000 0.980007
v -5.000000 0.000000 9.020000
v -6.000000 0.000000 9.020000
v -5.000000 0.000000 8.980000
v -6.000000 0.000000 8.980000
v -5.000000 0.000000 8.020000
v -6.000000 0.000000 8.020000
v -5.000000 0.000000 7.980000
v -6.000000 0.000000 7.980000
v -5.000000 0.000000 7.020001
v -6.000000 0.000000 7.020001
v -5.000000 0.000000 6.980001
v -6.000000 0.000000 6.980001
v -5.000000 0.000000 6.020002
v -6.000000 0.000000 6.020002
v -5.000000 0.000000 5.980002
v -6.000000 0.000000 5.980002
v -5.000000 0.000000 5.020003
v -6.000000 0.000000 5.020003
v -5.000000 0.000000 4.980003
v -6.000000 0.000000 4.980003
v -5.000000 0.000000 4.020004
v -6.000000 0.000000 4.020004
v -5.000000 0.000000 3.980004
v -6.000000 0.000000 3.980004
v -5.000000 0.000000 3.020005
v -6.000000 0.000000 3.020005
v -5.000000 0.000000 2.980005
v -6.000000 0.000000 2.980005
v -5.000000 0.000000 2.020006
v -6.000000 0.000000 2.020006
v -5.000000 0.000000 1.980006
v -6.000000 0.000000 1.980006
v -5.000000 0.000000 1.020007
v -6.000000 0.000000 1.020007
v -5.000000 0.000000 0.980007
v -6.000000 0.000000 0.980007
v -4.000000 0.000000 9.020000
v -5.000000 0.000000 9.020000
v -4.000000 0.000000 8.980000
v -5.000000 0.000000 8.980000
v -4.000000 0.000000 8.020000
v -5.000000 0.000000 8.020000
v -4.000000 0.000000 7.980000
v -5.000000 0.000000 7.980000
v -4.000000 0.000000 7.020001
v -5.000000 0.000000 7.020001
v -4.000000 0.000000 6.980001
v -5.000000 0.000000 6.980001
v -4.000000 0.000000 6.020002
v -5.000000 0.000000 6.020002
v -4.000000 0.000000 5.980002
v -5.000000 0.000000 5.980002
v -4.000000 0.000000 5.020003
v -5.000000 0.000000 5.020003
v -4.000000 0.000000 4.980003
v -5.000000 0.000000 4.980003
v -4.000000 0.000000 4.020004
v -5.000000 0.000000 4.020004
v -4.000000 0.000000 3.980005
v -5.000000 0.000000 3.980004
v -4.000000 0.000000 3.020005
v -5.000000 0.000000 3.020005
v -4.000000 0.000000 2.980006
v -5.000000 0.000000 2.980005
v -4.000000 0.000000 2.020006
v -5.000000 0.000000 2.020006
v -4.000000 0.000000 1.980006
v -5.000000 0.000000 1.980006
v -4.000000 0.000000 1.020007
v -5.000000 0.000000 1.020007
v -4.000000 0.000000 0.980007
v -5.000000 0.000000 0.980007
v -3.000001 0.000000 9.020000
v -4.000000 0.000000 9.020000
v -3.000001 0.000000 8.980000
v -4.000000 0.000000 8.980000
v -3.000001 0.000000 8.020000
v -4.000000 0.000000 8.020000
v -3.000001 0.000000 7.980001
v -4.000000 0.000000 7.980000
v -3.000000 0.000000 7.020002
v -4.000000 0.000000 7.020001
v -3.000000 0.000000 6.980002
v -4.000000 0.000000 6.980001
v -3.000000 0.000000 6.020003
v -4.000000 0.000000 6.020002
v -3.000000 0.000000 5.980003
v -4.000000 0.000000 5.980002
v -3.000000 0.000000 5.020004
v -4.000000 0.000000 5.020003
v -3.000000 0.000000 4.980004
v -4.000000 0.000000 4.980003
v -3.000000 0.000000 4.020005
v -4.000000 0.000000 4.020004
v -3.000000 0.000000 3.980005
v -4.000000 0.000000 3.980005
v -3.000000 0.000000 3.020005
v -4.000000 0.000000 3.020005
v -3.000000 0.000000 2.980006
v -4.000000 0.000000 2.980006
v -3.000000 0.000000 2.020006
v -4.000000 0.000000 2.020006
v -3.000000 0.000000 1.980006
v -4.000000 0.000000 1.980006
v -3.000000 0.000000 1.020007
v -4.000000 0.000000 1.020007
v -3.000000 0.000000 0.980007
v -4.000000 0.000000 0.980007
v -2.000001 0.000000 9.020000
v -3.000001 0.000000 9.020000
v -2.000001 0.000000 8.980000
v -3.000001 0.000000 8.980000
v -2.000001 0.000000 8.020000
v -3.000001 0.000000 8.020000
v -2.000001 0.000000 7.980001
v -3.000001 0.000000 7.980001
v -2.000000 0.000000 7.020002
v -3.000000 0.000000 7.020002
v -2.000000 0.000000 6.980002
v -3.000000 0.000000 6.980002
v -2.000000 0.000000 6.020003
v -3.000000 0.000000 6.020003
v -2.000000 0.000000 5.980003
v -3.000000 0.000000 5.980003
v -2.000000 0.000000 5.020004
v -3.000000 0.000000 5.020004
v -2.000000 0.000000 4.980004
v -3.000000 0.000000 4.980004
v -2.000000 0.000000 4.020005
v -3.000000 0.000000 4.020005
v -2.000000 0.000000 3.980005
v -3.000000 0.000000 3.980005
v -2.000000 0.000000 3.020005
v -3.000000 0.000000 3.020005
v -2.000000 0.000000 2.980006
v -3.000000 0.000000 2.980006
v -2.000000 0.000000 2.020006
v -3.000000 0.000000 2.020006
v -2.000000 0.000000 1.980007
v -3.000000 0.000000 1.980006
v -2.000000 0.000000 1.020007
v -3.000000 0.000000 1.020007
v -2.000000 0.000000 0.980007
v -3.000000 0.000000 0.980007
v -1.000001 0.000000 9.020000
v -2.000001 0.000000 9.020000
v -1.000001 0.000000 8.980000
v -2.000001 0.000000 8.980000
v -1.000001 0.000000 8.020000
v -2.000001 0.000000 8.020000
v -1.000001 0.000000 7.980001
v -2.000001 0.000000 7.980001
v -1.000000 0.000000 7.020002
v -2.000000 0.000000 7.020002
v -1.000000 0.000000 6.980002
v -2.000000 0.000000 6.980002
v -1.000000 0.000000 6.020003
v -2.000000 0.000000 6.020003
v -1.000000 0.000000 5.980003
v -2.000000 0.000000 5.980003
v -1.000000 0.000000 5.020004
v -2.000000 0.000000 5.020004
v -1.000000 0.000000 4.980004
v -2.000000 0.000000 4.980004
v -1.000000 0.000000 4.020005
v -2.000000 0.000000 4.020005
v -1.000000 0.000000 3.980005
v -2.000000 0.000000 3.980005
v -1.000000 0.000000 3.020006
v -2.000000 0.000000 3.020005
v -1.000000 0.000000 2.980006
v -2.000000 0.000000 2.980006
v -1.000000 0.000000 2.020007
v -2.000000 0.000000 2.020006
v -1.000000 0.000000 1.980007
v -2.000000 0.000000 1.980007
v -1.000000 0.000000 1.020007
v -2.000000 0.000000 1.020007
v -1.000000 0.000000 0.980007
v -2.000000 0.000000 0.980007
v -0.000001 0.000000 9.020000
v -1.000001 0.000000 9.020000
v -0.000001 0.000000 8.980000
v -1.000001 0.000000 8.980000
v -0.000001 0.000000 8.020000
v -1.000001 0.000000 8.020000
v -0.000001 0.000000 7.980001
v -1.000001 0.000000 7.980001
v -0.000001 0.000000 7.020002
v -1.000000 0.000000 7.020002
v -0.000001 0.000000 6.980002
v -1.000000 0.000000 6.980002
v -0.000000 0.000000 6.020003
v -1.000000 0.000000 6.020003
v -0.000000 0.000000 5.980003
v -1.000000 0.000000 5.980003
v -0.000000 0.000000 5.020004
v -1.000000 0.000000 5.020004
v -0.000000 0.000000 4.980004
v -1.000000 0.000000 4.980004
v -0.000000 0.000000 4.020005
v -1.000000 0.000000 4.020005
v -0.000000 0.000000 3.980005
v -1.000000 0.000000 3.980005
v -0.000000 0.000000 3.020006
v -1.000000 0.000000 3.020006
v -0.000000 0.000000 2.980006
v -1.000000 0.000000 2.980006
v -0.000000 0.000000 2.020007
v -1.000000 0.000000 2.020007
v -0.000000 0.000000 1.980007
v -1.000000 0.000000 1.980007
v -0.000000 0.000000 1.020008
v -1.000000 0.000000 1.020007
v -0.000000 0.000000 0.980007
v -1.000000 0.000000 0.980007
v 0.999999 0.000000 9.020000
v -0.000001 0.000000 9.020000
v 0.999999 0.000000 8.980000
v -0.000001 0.000000 8.980000
v 0.999999 0.000000 8.020000
v -0.000001 0.000000 8.020000
v 0.999999 0.000000 7.980001
v -0.000001 0.000000 7.980001
v 0.999999 0.000000 7.020002
v -0.000001 0.000000 7.020002
v 0.999999 0.000000 6.980002
v -0.000001 0.000000 6.980002
v 1.000000 0.000000 6.020003
v -0.000000 0.000000 6.020003
v 1.000000 0.000000 5.980003
v -0.000000 0.000000 5.980003
v 1.000000 0.000000 5.020004
v -0.000000 0.000000 5.020004
v 1.000000 0.000000 4.980004
v -0.000000 0.000000 4.980004
v 1.000000 0.000000 4.020005
v -0.000000 0.000000 4.020005
v 1.000000 0.000000 3.980005
v -0.000000 0.000000 3.980005
v 1.000000 0.000000 3.020006
v -0.000000 0.000000 3.020006
v 1.000000 0.000000 2.980006
v -0.000000 0.000000 2.980006
v 1.000000 0.000000 2.020007
v -0.000000 0.000000 2.020007
v 1.000000 0.000000 1.980007
v -0.000000 0.000000 1.980007
v 1.000000 0.000000 1.020008
v -0.000000 0.000000 1.020008
v 1.000000 0.000000 0.980007
v -0.000000 0.000000 0.980007
v 1.999999 0.000000 9.020000
v 0.999999 0.000000 9.020000
v 1.999999 0.000000 8.980000
v 0.999999 0.000000 8.980000
v 1.999999 0.000000 8.020000
v 0.999999 0.000000 8.020000
v 1.999999 0.000000 7.980001
v 0.999999 0.000000 7.980001
v 2.000000 0.000000 7.020002
v 0.999999 0.000000 7.020002
v 2.000000 0.000000 6.980002
v 0.999999 0.000000 6.980002
v 2.000000 0.000000 6.020003
v 1.000000 0.000000 6.020003
v 2.000000 0.000000 5.980003
v 1.000000 0.000000 5.980003
v 2.000000 0.000000 5.020004
v 1.000000 0.000000 5.020004
v 2.000000 0.000000 4.980004
v 1.000000 0.000000 4.980004
v 2.000000 0.000000 4.020005
v 1.000000 0.000000 4.020005
v 2.000000 0.000000 3.980005
v 1.000000 0.000000 3.980005
v 2.000000 0.000000 3.020006
v 1.000000 0.000000 3.020006
v 2.000000 0.000000 2.980006
v 1.000000 0.000000 2.980006
v 2.000000 0.000000 2.020007
v 1.000000 0.000000 2.020007
v 2.000000 0.000000 1.980007
v 1.000000 0.000000 1.980007
v 2.000000 0.000000 1.020008
v 1.000000 0.000000 1.020008
v 2.000000 0.000000 0.980007
v 1.000000 0.000000 0.980007
v 2.999999 0.000000 9.020000
v 1.999999 0.000000 9.020000
v 2.999999 0.000000 8.980000
v 1.999999 0.000000 8.980000
v 2.999999 0.000000 8.020000
v 1.999999 0.000000 8.020000
v 2.999999 0.000000 7.980001
v 1.999999 0.000000 7.980001
v 3.000000 0.000000 7.020002
v 2.000000 0.000000 7.020002
v 3.000000 0.000000 6.980002
v 2.000000 0.000000 6.980002
v 3.000000 0.000000 6.020003
v 2.000000 0.000000 6.020003
v 3.000000 0.000000 5.980003
v 2.000000 0.000000 5.980003
v 3.000000 0.000000 5.020004
v 2.000000 0.000000 5.020004
v 3.000000 0.000000 4.980004
v 2.000000 0.000000 4.980004
v 3.000000 0.000000 4.020005
v 2.000000 0.000000 4.020005
v 3.000000 0.000000 3.980005
v 2.000000 0.000000 3.980005
v 3.000000 0.000000 3.020006
v 2.000000 0.000000 3.020006
v 3.000000 0.000000 2.980006
v 2.000000 0.000000 2.980006
v 3.000000 0.000000 2.020007
v 2.000000 0.000000 2.020007
v 3.000000 0.000000 1.980007
v 2.000000 0.000000 1.980007
v 3.000000 0.000000 1.020008
v 2.000000 0.000000 1.020008
v 3.000000 0.000000 0.980007
v 2.000000 0.000000 0.980007
v 3.999999 0.000000 9.020000
v 2.999999 0.000000 9.020000
v 3.999999 0.000000 8.980000
v 2.999999 0.000000 8.980000
v 3.999999 0.000000 8.020000
v 2.999999 0.000000 8.020000
v 3.999999 0.000000 7.980001
v 2.999999 0.000000 7.980001
v 4.000000 0.000000 7.020002
v 3.000000 0.000000 7.020002
v 4.000000 0.000000 6.980002
v 3.000000 0.000000 6.980002
v 4.000000 0.000000 6.020003
v 3.000000 0.000000 6.020003
v 4.000000 0.000000 5.980003
v 3.000000 0.000000 5.980003
v 4.000000 0.000000 5.020004
v 3.000000 0.000000 5.020004
v 4.000000 0.000000 4.980004
v 3.000000 0.000000 4.980004
v 4.000000 0.000000 4.020005
v 3.000000 0.000000 4.020005
v 4.000000 0.000000 3.980005
v 3.000000 0.000000 3.980005
v 4.000000 0.000000 3.020006
v 3.000000 0.000000 3.020006
v 4.000000 0.000000 2.980006
v 3.000000 0.000000 2.980006
v 4.000000 0.000000 2.020007
v 3.000000 0.000000 2.020007
v 4.000000 0.000000 1.980007
v 3.000000 0.000000 1.980007
v 4.000000 0.000000 1.020008
v 3.000000 0.000000 1.020008
v 4.000000 0.000000 0.980007
v 3.000000 0.000000 0.980007
v 5.000000 0.000000 9.020000
v 3.999999 0.000000 9.020000
v 5.000000 0.000000 8.980000
v 3.999999 0.000000 8.980000
v 5.000000 0.000000 8.020000
v 3.999999 0.000000 8.020000
v 5.000000 0.000000 7.980001
v 3.999999 0.000000 7.980001
v 5.000000 0.000000 7.020002
v 4.000000 0.000000 7.020002
v 5.000000 0.000000 6.980002
v 4.000000 0.000000 6.980002
v 5.000000 0.000000 6.020003
v 4.000000 0.000000 6.020003
v 5.000000 0.000000 5.980003
v 4.000000 0.000000 5.980003
v 5.000000 0.000000 5.020004
v 4.000000 0.000000 5.020004
v 5.000000 0.000000 4.980004
v 4.000000 0.000000 4.980004
v 5.000000 0.000000 4.020005
v 4.000000 0.000000 4.020005
v 5.000000 0.000000 3.980005
v 4.000000 0.000000 3.980005
v 5.000000 0.000000 3.020006
v 4.000000 0.000000 3.020006
v 5.000000 0.000000 2.980006
v 4.000000 0.000000 2.980006
v 5.000000 0.000000 2.020007
v 4.000000 0.000000 2.020007
v 5.000000 0.000000 1.980007
v 4.000000 0.000000 1.980007
v 5.000000 0.000000 1.020008
v 4.000000 0.000000 1.020008
v 5.000000 0.000000 0.980008
v 4.000000 0.000000 0.980007
v 6.000000 0.000000 9.020000
v 5.000000 0.000000 9.020000
v 6.000000 0.000000 8.980000
v 5.000000 0.000000 8.980000
v 6.000000 0.000000 8.020000
v 5.000000 0.000000 8.020000
v 6.000000 0.000000 7.980001
v 5.000000 0.000000 7.980001
v 6.000000 0.000000 7.020002
v 5.000000 0.000000 7.020002
v 6.000000 0.000000 6.980002
v 5.000000 0.000000 6.980002
v 6.000000 0.000000 6.020003
v 5.000000 0.000000 6.020003
v 6.000000 0.000000 5.980003
v 5.000000 0.000000 5.980003
v 6.000000 0.000000 5.020004
v 5.000000 0.000000 5.020004
v 6.000000 0.000000 4.980004
v 5.000000 0.000000 4.980004
v 6.000000 0.000000 4.020005
v 5.000000 0.000000 4.020005
v 6.000000 0.000000 3.980005
v 5.000000 0.000000 3.980005
v 6.000000 0.000000 3.020006
v 5.000000 0.000000 3.020006
v 6.000000 0.000000 2.980006
v 5.000000 0.000000 2.980006
v 6.000000 0.000000 2.020007
v 5.000000 0.000000 2.020007
v 6.000000 0.000000 1.980007
v 5.000000 0.000000 1.980007
v 6.000000 0.000000 1.020008
v 5.000000 0.000000 1.020008
v 6.000000 0.000000 0.980008
v 5.000000 0.000000 0.980008
v 7.000000 0.000000 9.020001
v 6.000000 0.000000 9.020000
v 7.000000 0.000000 8.980000
v 6.000000 0.000000 8.980000
v 7.000000 0.000000 8.020001
v 6.000000 0.000000 8.020000
v 7.000000 0.000000 7.980001
v 6.000000 0.000000 7.980001
v 7.000000 0.000000 7.020002
v 6.000000 0.000000 7.020002
v 7.000000 0.000000 6.980002
v 6.000000 0.000000 6.980002
v 7.000000 0.000000 6.020003
v 6.000000 0.000000 6.020003
v 7.000000 0.000000 5.980003
v 6.000000 0.000000 5.980003
v 7.000000 0.000000 5.020004
v 6.000000 0.000000 5.020004
v 7.000000 0.000000 4.980004
v 6.000000 0.000000 4.980004
v 7.000000 0.000000 4.020005
v 6.000000 0.000000 4.020005
v 7.000000 0.000000 3.980005
v 6.000000 0.000000 3.980005
v 7.000000 0.000000 3.020006
v 6.000000 0.000000 3.020006
v 7.000000 0.000000 2.980006
v 6.000000 0.000000 2.980006
v 7.000000 0.000000 2.020007
v 6.000000 0.000000 2.020007
v 7.000000 0.000000 1.980007
v 6.000000 0.000000 1.980007
v 7.000000 0.000000 1.020008
v 6.000000 0.000000 1.020008
v 7.000000 0.000000 0.980008
v 6.000000 0.000000 0.980008
v 8.000000 0.000000 9.020001
v 7.000000 0.000000 9.020001
v 8.000000 0.000000 8.980000
v 7.000000 0.000000 8.980000
v 8.000000 0.000000 8.020001
v 7.000000 0.000000 8.020001
v 8.000000 0.000000 7.980001
v 7.000000 0.000000 7.980001
v 8.000000 0.000000 7.020002
v 7.000000 0.000000 7.020002
v 8.000000 0.000000 6.980002
v 7.000000 0.000000 6.980002
v 8.000000 0.000000 6.020003
v 7.000000 0.000000 6.020003
v 8.000000 0.000000 5.980003
v 7.000000 0.000000 5.980003
v 8.000000 0.000000 5.020004
v 7.000000 0.000000 5.020004
v 8.000000 0.000000 4.980004
v 7.000000 0.000000 4.980004
v 8.000000 0.000000 4.020005
v 7.000000 0.000000 4.020005
v 8.000000 0.000000 3.980006
v 7.000000 0.000000 3.980005
v 8.000000 0.000000 3.020006
v 7.000000 0.000000 3.020006
v 8.000000 0.000000 2.980006
v 7.000000 0.000000 2.980006
v 8.000000 0.000000 2.020007
v 7.000000 0.000000 2.020007
v 8.000000 0.000000 1.980007
v 7.000000 0.000000 1.980007
v 8.000000 0.000000 1.020008
v 7.000000 0.000000 1.020008
v 8.000000 0.000000 0.980008
v 7.000000 0.000000 0.980008
v 8.999999 0.000000 9.020001
v 8.000000 0.000000 9.020001
v 8.999999 0.000000 8.980000
v 8.000000 0.000000 8.980000
v 8.999999 0.000000 8.020001
v 8.000000 0.000000 8.020001
v 8.999999 0.000000 7.980001
v 8.000000 0.000000 7.980001
v 8.999999 0.000000 7.020002
v 8.000000 0.000000 7.020002
v 8.999999 0.000000 6.980002
v 8.000000 0.000000 6.980002
v 9.000000 0.000000 6.020003
v 8.000000 0.000000 6.020003
v 9.000000 0.000000 5.980003
v 8.000000 0.000000 5.980003
v 9.000000 0.000000 5.020004
v 8.000000 0.000000 5.020004
v 9.000000 0.000000 4.980004
v 8.000000 0.000000 4.980004
v 9.000000 0.000000 4.020005
v 8.000000 0.000000 4.020005
v 9.000000 0.000000 3.980006
v 8.000000 0.000000 3.980006
v 9.000000 0.000000 3.020006
v 8.000000 0.000000 3.020006
v 9.000000 0.000000 2.980006
v 8.000000 0.000000 2.980006
v 9.000000 0.000000 2.020007
v 8.000000 0.000000 2.020007
v 9.000000 0.000000 1.980007
v 8.000000 0.000000 1.980007
v 9.000000 0.000000 1.020008
v 8.000000 0.000000 1.020008
v 9.000000 0.000000 0.980008
v 8.000000 0.000000 0.980008
v 9.999999 0.000000 9.020001
v 8.999999 0.000000 9.020001
v 9.999999 0.000000 8.980000
v 8.999999 0.000000 8.980000
v 9.999999 0.000000 8.020001
v 8.999999 0.000000 8.020001
v 9.999999 0.000000 7.980002
v 8.999999 0.000000 7.980001
v 9.999999 0.000000 7.020003
v 8.999999 0.000000 7.020002
v 9.999999 0.000000 6.980003
v 8.999999 0.000000 6.980002
v 10.000000 0.000000 6.020004
v 9.000000 0.000000 6.020003
v 10.000000 0.000000 5.980004
v 9.000000 0.000000 5.980003
v 10.000000 0.000000 5.020005
v 9.000000 0.000000 5.020004
v 10.000000 0.000000 4.980005
v 9.000000 0.000000 4.980004
v 10.000000 0.000000 4.020006
v 9.000000 0.000000 4.020005
v 10.000000 0.000000 3.980006
v 9.000000 0.000000 3.980006
v 10.000000 0.000000 3.020006
v 9.000000 0.000000 3.020006
v 10.000000 0.000000 2.980006
v 9.000000 0.000000 2.980006
v 10.000000 0.000000 2.020007
v 9.000000 0.000000 2.020007
v 10.000000 0.000000 1.980007
v 9.000000 0.000000 1.980007
v 10.000000 0.000000 1.020008
v 9.000000 0.000000 1.020008
v 10.000000 0.000000 0.980008
v 9.000000 0.000000 0.980008
vn -0.0000 -0.0000 -0.0000
vt 0.625000 0.500000
vt 0.875000 0.500000
vt 0.875000 0.750000
vt 0.625000 0.750000
s 0
f 4/1/1 2/2/1 1/3/1 3/4/1
f 8/1/1 6/2/1 5/3/1 7/4/1
f 12/1/1 10/2/1 9/3/1 11/4/1
f 16/1/1 14/2/1 13/3/1 15/4/1
f 20/1/1 18/2/1 17/3/1 19/4/1
f 24/1/1 22/2/1 21/3/1 23/4/1
f 28/1/1 26/2/1 25/3/1 27/4/1
f 32/1/1 30/2/1 29/3/1 31/4/1
f 36/1/1 34/2/1 33/3/1 35/4/1
f 40/1/1 38/2/1 37/3/1 39/4/1
f 44/1/1 42/2/1 41/3/1 43/4/1
f 48/1/1 46/2/1 45/3/1 47/4/1
f 52/1/1 50/2/1 49/3/1 51/4/1
f 56/1/1 54/2/1 53/3/1 55/4/1
f 60/1/1 58/2/1 57/3/1 59/4/1
f 64/1/1 62/2/1 61/3/1 63/4/1
f 68/1/1 66/2/1 65/3/1 67/4/1
f 72/1/1 70/2/1 69/3/1 71/4/1
f 76/1/1 74/2/1 73/3/1 75/4/1
f 80/1/1 78/2/1 77/3/1 79/4/1
f 84/1/1 82/2/1 81/3/1 83/4/1
f 88/1/1 86/2/1 85/3/1 87/4/1
f 92/1/1 90/2/1 89/3/1 91/4/1
f 96/1/1 94/2/1 93/3/1 95/4/1
f 100/1/1 98/2/1 97/3/1 99/4/1
f 104/1/1 102/2/1 101/3/1 103/4/1
f 108/1/1 106/2/1 105/3/1 107/4/1
f 112/1/1 110/2/1 109/3/1 111/4/1
f 116/1/1 114/2/1 113/3/1 115/4/1
f 120/1/1 118/2/1 117/3/1 119/4/1
f 124/1/1 122/2/1 121/3/1 123/4/1
f 128/1/1 126/2/1 125/3/1 127/4/1
f 132/1/1 130/2/1 129/3/1 131/4/1
f 136/1/1 134/2/1 133/3/1 135/4/1
f 140/1/1 138/2/1 137/3/1 139/4/1
f 144/1/1 142/2/1 141/3/1 143/4/1
f 148/1/1 146/2/1 145/3/1 147/4/1
f 152/1/1 150/2/1 149/3/1 151/4/1
f 156/1/1 154/2/1 153/3/1 155/4/1
f 160/1/1 158/2/1 157/3/1 159/4/1
f 164/1/1 162/2/1 161/3/1 163/4/1
f 168/1/1 166/2/1 165/3/1 167/4/1
f 172/1/1 170/2/1 169/3/1 171/4/1
f 176/1/1 174/2/1 173/3/1 175/4/1
f 180/1/1 178/2/1 177/3/1 179/4/1
f 184/1/1 182/2/1 181/3/1 183/4/1
f 188/1/1 186/2/1 185/3/1 187/4/1
f 192/1/1 190/2/1 189/3/1 191/4/1
f 196/1/1 194/2/1 193/3/1 195/4/1
f 200/1/1 198/2/1 197/3/1 199/4/1
f 204/1/1 202/2/1 201/3/1 203/4/1
f 208/1/1 206/2/1 205/3/1 207/4/1
f 212/1/1 210/2/1 209/3/1 211/4/1
f 216/1/1 214/2/1 213/3/1 215/4/1
f 220/1/1 218/2/1 217/3/1 219/4/1
f 224/1/1 222/2/1 221/3/1 223/4/1
f 228/1/1 226/2/1 225/3/1 227/4/1
f 232/1/1 230/2/1 229/3/1 231/4/1
f 236/1/1 234/2/1 233/3/1 235/4/1
f 240/1/1 238/2/1 237/3/1 239/4/1
f 244/1/1 242/2/1 241/3/1 243/4/1
f 248/1/1 246/2/1 245/3/1 247/4/1
f 252/1/1 250/2/1 249/3/1 251/4/1
f 256/1/1 254/2/1 253/3/1 255/4/1
f 260/1/1 258/2/1 257/3/1 259/4/1
f 264/1/1 262/2/1 261/3/1 263/4/1
f 268/1/1 266/2/1 265/3/1 267/4/1
f 272/1/1 270/2/1 269/3/1 271/4/1
f 276/1/1 274/2/1 273/3/1 275/4/1
f 280/1/1 278/2/1 277/3/1 279/4/1
f 284/1/1 282/2/1 281/3/1 283/4/1
f 288/1/1 286/2/1 285/3/1 287/4/1
f 292/1/1 290/2/1 289/3/1 291/4/1
f 296/1/1 294/2/1 293/3/1 295/4/1
f 300/1/1 298/2/1 297/3/1 299/4/1
f 304/1/1 302/2/1 301/3/1 303/4/1
f 308/1/1 306/2/1 305/3/1 307/4/1
f 312/1/1 310/2/1 309/3/1 311/4/1
f 316/1/1 314/2/1 313/3/1 315/4/1
f 320/1/1 318/2/1 317/3/1 319/4/1
f 324/1/1 322/2/1 321/3/1 323/4/1
f 328/1/1 326/2/1 325/3/1 327/4/1
f 332/1/1 330/2/1 329/3/1 331/4/1
f 336/1/1 334/2/1 333/3/1 335/4/1
f 340/1/1 338/2/1 337/3/1 339/4/1
f 344/1/1 342/2/1 341/3/1 343/4/1
f 348/1/1 346/2/1 345/3/1 347/4/1
f 352/1/1 350/2/1 349/3/1 351/4/1
f 356/1/1 354/2/1 353/3/1 355/4/1
f 360/1/1 358/2/1 357/3/1 359/4/1
f 364/1/1 362/2/1 361/3/1 363/4/1
f 368/1/1 366/2/1 365/3/1 367/4/1
f 372/1/1 370/2/1 369/3/1 371/4/1
f 376/1/1 374/2/1 373/3/1 375/4/1
f 380/1/1 378/2/1 377/3/1 379/4/1
f 384/1/1 382/2/1 381/3/1 383/4/1
f 388/1/1 386/2/1 385/3/1 387/4/1
f 392/1/1 390/2/1 389/3/1 391/4/1
f 396/1/1 394/2/1 393/3/1 395/4/1
f 400/1/1 398/2/1 397/3/1 399/4/1
f 404/1/1 402/2/1 401/3/1 403/4/1
f 408/1/1 406/2/1 405/3/1 407/4/1
f 412/1/1 410/2/1 409/3/1 411/4/1
f 416/1/1 414/2/1 413/3/1 415/4/1
f 420/1/1 418/2/1 417/3/1 419/4/1
f 424/1/1 422/2/1 421/3/1 423/4/1
f 428/1/1 426/2/1 425/3/1 427/4/1
f 432/1/1 430/2/1 429/3/1 431/4/1
f 436/1/1 434/2/1 433/3/1 435/4/1
f 440/1/1 438/2/1 437/3/1 439/4/1
f 444/1/1 442/2/1 441/3/1 443/4/1
f 448/1/1 446/2/1 445/3/1 447/4/1
f 452/1/1 450/2/1 449/3/1 451/4/1
f 456/1/1 454/2/1 453/3/1 455/4/1
f 460/1/1 458/2/1 457/3/1 459/4/1
f 464/1/1 462/2/1 461/3/1 463/4/1
f 468/1/1 466/2/1 465/3/1 467/4/1
f 472/1/1 470/2/1 469/3/1 471/4/1
f 476/1/1 474/2/1 473/3/1 475/4/1
f 480/1/1 478/2/1 477/3/1 479/4/1
f 484/1/1 482/2/1 481/3/1 483/4/1
f 488/1/1 486/2/1 485/3/1 487/4/1
f 492/1/1 490/2/1 489/3/1 491/4/1
f 496/1/1 494/2/1 493/3/1 495/4/1
f 500/1/1 498/2/1 497/3/1 499/4/1
f 504/1/1 502/2/1 501/3/1 503/4/1
f 508/1/1 506/2/1 505/3/1 507/4/1
f 512/1/1 510/2/1 509/3/1 511/4/1
f 516/1/1 514/2/1 513/3/1 515/4/1
f 520/1/1 518/2/1 517/3/1 519/4/1
f 524/1/1 522/2/1 521/3/1 523/4/1
f 528/1/1 526/2/1 525/3/1 527/4/1
f 532/1/1 530/2/1 529/3/1 531/4/1
f 536/1/1 534/2/1 533/3/1 535/4/1
f 540/1/1 538/2/1 537/3/1 539/4/1
f 544/1/1 542/2/1 541/3/1 543/4/1
f 548/1/1 546/2/1 545/3/1 547/4/1
f 552/1/1 550/2/1 549/3/1 551/4/1
f 556/1/1 554/2/1 553/3/1 555/4/1
f 560/1/1 558/2/1 557/3/1 559/4/1
f 564/1/1 562/2/1 561/3/1 563/4/1
f 568/1/1 566/2/1 565/3/1 567/4/1
f 572/1/1 570/2/1 569/3/1 571/4/1
f 576/1/1 574/2/1 573/3/1 575/4/1
f 580/1/1 578/2/1 577/3/1 579/4/1
f 584/1/1 582/2/1 581/3/1 583/4/1
f 588/1/1 586/2/1 585/3/1 587/4/1
f 592/1/1 590/2/1 589/3/1 591/4/1
f 596/1/1 594/2/1 593/3/1 595/4/1
f 600/1/1 598/2/1 597/3/1 599/4/1
f 604/1/1 602/2/1 601/3/1 603/4/1
f 608/1/1 606/2/1 605/3/1 607/4/1
f 612/1/1 610/2/1 609/3/1 611/4/1
f 616/1/1 614/2/1 613/3/1 615/4/1
f 620/1/1 618/2/1 617/3/1 619/4/1
f 624/1/1 622/2/1 621/3/1 623/4/1
f 628/1/1 626/2/1 625/3/1 627/4/1
f 632/1/1 630/2/1 629/3/1 631/4/1
f 636/1/1 634/2/1 633/3/1 635/4/1
f 640/1/1 638/2/1 637/3/1 639/4/1
f 644/1/1 642/2/1 641/3/1 643/4/1
f 648/1/1 646/2/1 645/3/1 647/4/1
f 652/1/1 650/2/1 649/3/1 651/4/1
f 656/1/1 654/2/1 653/3/1 655/4/1
f 660/1/1 658/2/1 657/3/1 659/4/1
f 664/1/1 662/2/1 661/3/1 663/4/1
f 668/1/1 666/2/1 665/3/1 667/4/1
f 672/1/1 670/2/1 669/3/1 671/4/1
f 676/1/1 674/2/1 673/3/1 675/4/1
f 680/1/1 678/2/1 677/3/1 679/4/1
f 684/1/1 682/2/1 681/3/1 683/4/1
f 688/1/1 686/2/1 685/3/1 687/4/1
f 692/1/1 690/2/1 689/3/1 691/4/1
f 696/1/1 694/2/1 693/3/1 695/4/1
f 700/1/1 698/2/1 697/3/1 699/4/1
f 704/1/1 702/2/1 701/3/1 703/4/1
f 708/1/1 706/2/1 705/3/1 707/4/1
f 712/1/1 710/2/1 709/3/1 711/4/1
f 716/1/1 714/2/1 713/3/1 715/4/1
f 720/1/1 718/2/1 717/3/1 719/4/1
f 724/1/1 722/2/1 721/3/1 723/4/1
f 728/1/1 726/2/1 725/3/1 727/4/1
f 732/1/1 730/2/1 729/3/1 731/4/1
f 736/1/1 734/2/1 733/3/1 735/4/1
f 740/1/1 738/2/1 737/3/1 739/4/1
f 744/1/1 742/2/1 741/3/1 743/4/1
f 748/1/1 746/2/1 745/3/1 747/4/1
f 752/1/1 750/2/1 749/3/1 751/4/1
f 756/1/1 754/2/1 753/3/1 755/4/1
f 760/1/1 758/2/1 757/3/1 759/4/1
f 764/1/1 762/2/1 761/3/1 763/4/1
f 768/1/1 766/2/1 765/3/1 767/4/1
f 772/1/1 770/2/1 769/3/1 771/4/1
f 776/1/1 774/2/1 773/3/1 775/4/1
f 780/1/1 778/2/1 777/3/1 779/4/1
f 784/1/1 782/2/1 781/3/1 783/4/1
f 788/1/1 786/2/1 785/3/1 787/4/1
f 792/1/1 790/2/1 789/3/1 791/4/1
f 796/1/1 794/2/1 793/3/1 795/4/1
f 800/1/1 798/2/1 797/3/1 799/4/1
f 804/1/1 802/2/1 801/3/1 803/4/1
f 808/1/1 806/2/1 805/3/1 807/4/1
f 812/1/1 810/2/1 809/3/1 811/4/1
f 816/1/1 814/2/1 813/3/1 815/4/1
f 820/1/1 818/2/1 817/3/1 819/4/1
f 824/1/1 822/2/1 821/3/1 823/4/1
f 828/1/1 826/2/1 825/3/1 827/4/1
f 832/1/1 830/2/1 829/3/1 831/4/1
f 836/1/1 834/2/1 833/3/1 835/4/1
f 840/1/1 838/2/1 837/3/1 839/4/1
f 844/1/1 842/2/1 841/3/1 843/4/1
f 848/1/1 846/2/1 845/3/1 847/4/1
f 852/1/1 850/2/1 849/3/1 851/4/1
f 856/1/1 854/2/1 853/3/1 855/4/1
f 860/1/1 858/2/1 857/3/1 859/4/1
f 864/1/1 862/2/1 861/3/1 863/4/1
f 868/1/1 866/2/1 865/3/1 867/4/1
f 872/1/1 870/2/1 869/3/1 871/4/1
f 876/1/1 874/2/1 873/3/1 875/4/1
f 880/1/1 878/2/1 877/3/1 879/4/1
f 884/1/1 882/2/1 881/3/1 883/4/1
f 888/1/1 886/2/1 885/3/1 887/4/1
f 892/1/1 890/2/1 889/3/1 891/4/1
f 896/1/1 894/2/1 893/3/1 895/4/1
f 900/1/1 898/2/1 897/3/1 899/4/1
f 904/1/1 902/2/1 901/3/1 903/4/1
f 908/1/1 906/2/1 905/3/1 907/4/1
f 912/1/1 910/2/1 909/3/1 911/4/1
f 916/1/1 914/2/1 913/3/1 915/4/1
f 920/1/1 918/2/1 917/3/1 919/4/1
f 924/1/1 922/2/1 921/3/1 923/4/1
f 928/1/1 926/2/1 925/3/1 927/4/1
f 932/1/1 930/2/1 929/3/1 931/4/1
f 936/1/1 934/2/1 933/3/1 935/4/1
f 940/1/1 938/2/1 937/3/1 939/4/1
f 944/1/1 942/2/1 941/3/1 943/4/1
f 948/1/1 946/2/1 945/3/1 947/4/1
f 952/1/1 950/2/1 949/3/1 951/4/1
f 956/1/1 954/2/1 953/3/1 955/4/1
f 960/1/1 958/2/1 957/3/1 959/4/1
f 964/1/1 962/2/1 961/3/1 963/4/1
f 968/1/1 966/2/1 965/3/1 967/4/1
f 972/1/1 970/2/1 969/3/1 971/4/1
f 976/1/1 974/2/1 973/3/1 975/4/1
f 980/1/1 978/2/1 977/3/1 979/4/1
f 984/1/1 982/2/1 981/3/1 983/4/1
f 988/1/1 986/2/1 985/3/1 987/4/1
f 992/1/1 990/2/1 989/3/1 991/4/1
f 996/1/1 994/2/1 993/3/1 995/4/1
f 1000/1/1 998/2/1 997/3/1 999/4/1
f 1004/1/1 1002/2/1 1001/3/1 1003/4/1
f 1008/1/1 1006/2/1 1005/3/1 1007/4/1
f 1012/1/1 1010/2/1 1009/3/1 1011/4/1
f 1016/1/1 1014/2/1 1013/3/1 1015/4/1
f 1020/1/1 1018/2/1 1017/3/1 1019/4/1
f 1024/1/1 1022/2/1 1021/3/1 1023/4/1
f 1028/1/1 1026/2/1 1025/3/1 1027/4/1
f 1032/1/1 1030/2/1 1029/3/1 1031/4/1
f 1036/1/1 1034/2/1 1033/3/1 1035/4/1
f 1040/1/1 1038/2/1 1037/3/1 1039/4/1
f 1044/1/1 1042/2/1 1041/3/1 1043/4/1
f 1048/1/1 1046/2/1 1045/3/1 1047/4/1
f 1052/1/1 1050/2/1 1049/3/1 1051/4/1
f 1056/1/1 1054/2/1 1053/3/1 1055/4/1
f 1060/1/1 1058/2/1 1057/3/1 1059/4/1
f 1064/1/1 1062/2/1 1061/3/1 1063/4/1
f 1068/1/1 1066/2/1 1065/3/1 1067/4/1
f 1072/1/1 1070/2/1 1069/3/1 1071/4/1
f 1076/1/1 1074/2/1 1073/3/1 1075/4/1
f 1080/1/1 1078/2/1 1077/3/1 1079/4/1
f 1084/1/1 1082/2/1 1081/3/1 1083/4/1
f 1088/1/1 1086/2/1 1085/3/1 1087/4/1
f 1092/1/1 1090/2/1 1089/3/1 1091/4/1
f 1096/1/1 1094/2/1 1093/3/1 1095/4/1
f 1100/1/1 1098/2/1 1097/3/1 1099/4/1
f 1104/1/1 1102/2/1 1101/3/1 1103/4/1
f 1108/1/1 1106/2/1 1105/3/1 1107/4/1
f 1112/1/1 1110/2/1 1109/3/1 1111/4/1
f 1116/1/1 1114/2/1 1113/3/1 1115/4/1
f 1120/1/1 1118/2/1 1117/3/1 1119/4/1
f 1124/1/1 1122/2/1 1121/3/1 1123/4/1
f 1128/1/1 1126/2/1 1125/3/1 1127/4/1
f 1132/1/1 1130/2/1 1129/3/1 1131/4/1
f 1136/1/1 1134/2/1 1133/3/1 1135/4/1
f 1140/1/1 1138/2/1 1137/3/1 1139/4/1
f 1144/1/1 1142/2/1 1141/3/1 1143/4/1
f 1148/1/1 1146/2/1 1145/3/1 1147/4/1
f 1152/1/1 1150/2/1 1149/3/1 1151/4/1
f 1156/1/1 1154/2/1 1153/3/1 1155/4/1
f 1160/1/1 1158/2/1 1157/3/1 1159/4/1
f 1164/1/1 1162/2/1 1161/3/1 1163/4/1
f 1168/1/1 1166/2/1 1165/3/1 1167/4/1
f 1172/1/1 1170/2/1 1169/3/1 1171/4/1
f 1176/1/1 1174/2/1 1173/3/1 1175/4/1
f 1180/1/1 1178/2/1 1177/3/1 1179/4/1
f 1184/1/1 1182/2/1 1181/3/1 1183/4/1
f 1188/1/1 1186/2/1 1185/3/1 1187/4/1
f 1192/1/1 1190/2/1 1189/3/1 1191/4/1
f 1196/1/1 1194/2/1 1193/3/1 1195/4/1
f 1200/1/1 1198/2/1 1197/3/1 1199/4/1
f 1204/1/1 1202/2/1 1201/3/1 1203/4/1
f 1208/1/1 1206/2/1 1205/3/1 1207/4/1
f 1212/1/1 1210/2/1 1209/3/1 1211/4/1
f 1216/1/1 1214/2/1 1213/3/1 1215/4/1
f 1220/1/1 1218/2/1 1217/3/1 1219/4/1
f 1224/1/1 1222/2/1 1221/3/1 1223/4/1
f 1228/1/1 1226/2/1 1225/3/1 1227/4/1
f 1232/1/1 1230/2/1 1229/3/1 1231/4/1
f 1236/1/1 1234/2/1 1233/3/1 1235/4/1
f 1240/1/1 1238/2/1 1237/3/1 1239/4/1
f 1244/1/1 1242/2/1 1241/3/1 1243/4/1
f 1248/1/1 1246/2/1 1245/3/1 1247/4/1
f 1252/1/1 1250/2/1 1249/3/1 1251/4/1
f 1256/1/1 1254/2/1 1253/3/1 1255/4/1
f 1260/1/1 1258/2/1 1257/3/1 1259/4/1
f 1264/1/1 1262/2/1 1261/3/1 1263/4/1
f 1268/1/1 1266/2/1 1265/3/1 1267/4/1
f 1272/1/1 1270/2/1 1269/3/1 1271/4/1
f 1276/1/1 1274/2/1 1273/3/1 1275/4/1
f 1280/1/1 1278/2/1 1277/3/1 1279/4/1
f 1284/1/1 1282/2/1 1281/3/1 1283/4/1
f 1288/1/1 1286/2/1 1285/3/1 1287/4/1
f 1292/1/1 1290/2/1 1289/3/1 1291/4/1
f 1296/1/1 1294/2/1 1293/3/1 1295/4/1
f 1300/1/1 1298/2/1 1297/3/1 1299/4/1
f 1304/1/1 1302/2/1 1301/3/1 1303/4/1
f 1308/1/1 1306/2/1 1305/3/1 1307/4/1
f 1312/1/1 1310/2/1 1309/3/1 1311/4/1
f 1316/1/1 1314/2/1 1313/3/1 1315/4/1
f 1320/1/1 1318/2/1 1317/3/1 1319/4/1
f 1324/1/1 1322/2/1 1321/3/1 1323/4/1
f 1328/1/1 1326/2/1 1325/3/1 1327/4/1
f 1332/1/1 1330/2/1 1329/3/1 1331/4/1
f 1336/1/1 1334/2/1 1333/3/1 1335/4/1
f 1340/1/1 1338/2/1 1337/3/1 1339/4/1
f 1344/1/1 1342/2/1 1341/3/1 1343/4/1
f 1348/1/1 1346/2/1 1345/3/1 1347/4/1
f 1352/1/1 1350/2/1 1349/3/1 1351/4/1
f 1356/1/1 1354/2/1 1353/3/1 1355/4/1
f 1360/1/1 1358/2/1 1357/3/1 1359/4/1
f 1364/1/1 1362/2/1 1361/3/1 1363/4/1
f 1368/1/1 1366/2/1 1365/3/1 1367/4/1
f 1372/1/1 1370/2/1 1369/3/1 1371/4/1
f 1376/1/1 1374/2/1 1373/3/1 1375/4/1
f 1380/1/1 1378/2/1 1377/3/1 1379/4/1
f 1384/1/1 1382/2/1 1381/3/1 1383/4/1
f 1388/1/1 1386/2/1 1385/3/1 1387/4/1
f 1392/1/1 1390/2/1 1389/3/1 1391/4/1
f 1396/1/1 1394/2/1 1393/3/1 1395/4/1
f 1400/1/1 1398/2/1 1397/3/1 1399/4/1
f 1404/1/1 1402/2/1 1401/3/1 1403/4/1
f 1408/1/1 1406/2/1 1405/3/1 1407/4/1
f 1412/1/1 1410/2/1 1409/3/1 1411/4/1
f 1416/1/1 1414/2/1 1413/3/1 1415/4/1
f 1420/1/1 1418/2/1 1417/3/1 1419/4/1
f 1424/1/1 1422/2/1 1421/3/1 1423/4/1
f 1428/1/1 1426/2/1 1425/3/1 1427/4/1
f 1432/1/1 1430/2/1 1429/3/1 1431/4/1
f 1436/1/1 1434/2/1 1433/3/1 1435/4/1
f 1440/1/1 1438/2/1 1437/3/1 1439/4/1
f 1444/1/1 1442/2/1 1441/3/1 1443/4/1
f 1448/1/1 1446/2/1 1445/3/1 1447/4/1
f 1452/1/1 1450/2/1 1449/3/1 1451/4/1
f 1456/1/1 1454/2/1 1453/3/1 1455/4/1
f 1460/1/1 1458/2/1 1457/3/1 1459/4/1
f 1464/1/1 1462/2/1 1461/3/1 1463/4/1
f 1468/1/1 1466/2/1 1465/3/1 1467/4/1
f 1472/1/1 1470/2/1 1469/3/1 1471/4/1
f 1476/1/1 1474/2/1 1473/3/1 1475/4/1
f 1480/1/1 1478/2/1 1477/3/1 1479/4/1
f 1484/1/1 1482/2/1 1481/3/1 1483/4/1
f 1488/1/1 1486/2/1 1485/3/1 1487/4/1
f 1492/1/1 1490/2/1 1489/3/1 1491/4/1
f 1496/1/1 1494/2/1 1493/3/1 1495/4/1
f 1500/1/1 1498/2/1 1497/3/1 1499/4/1
f 1504/1/1 1502/2/1 1501/3/1 1503/4/1
f 1508/1/1 1506/2/1 1505/3/1 1507/4/1
f 1512/1/1 1510/2/1 1509/3/1 1511/4/1
f 1516/1/1 1514/2/1 1513/3/1 1515/4/1
f 1520/1/1 1518/2/1 1517/3/1 1519/4/1
f 1524/1/1 1522/2/1 1521/3/1 1523/4/1
f 1528/1/1 1526/2/1 1525/3/1 1527/4/1
f 1532/1/1 1530/2/1 1529/3/1 1531/4/1
f 1536/1/1 1534/2/1 1533/3/1 1535/4/1
f 1540/1/1 1538/2/1 1537/3/1 1539/4/1
f 1544/1/1 1542/2/1 1541/3/1 1543/4/1
f 1548/1/1 1546/2/1 1545/3/1 1547/4/1
f 1552/1/1 1550/2/1 1549/3/1 1551/4/1
f 1556/1/1 1554/2/1 1553/3/1 1555/4/1
f 1560/1/1 1558/2/1 1557/3/1 1559/4/1
f 1564/1/1 1562/2/1 1561/3/1 1563/4/1
f 1568/1/1 1566/2/1 1565/3/1 1567/4/1
f 1572/1/1 1570/2/1 1569/3/1 1571/4/1
f 1576/1/1 1574/2/1 1573/3/1 1575/4/1
f 1580/1/1 1578/2/1 1577/3/1 1579/4/1
f 1584/1/1 1582/2/1 1581/3/1 1583/4/1
f 1588/1/1 1586/2/1 1585/3/1 1587/4/1
f 1592/1/1 1590/2/1 1589/3/1 1591/4/1
f 1596/1/1 1594/2/1 1593/3/1 1595/4/1
f 1600/1/1 1598/2/1 1597/3/1 1599/4/1
f 1604/1/1 1602/2/1 1601/3/1 1603/4/1
f 1608/1/1 1606/2/1 1605/3/1 1607/4/1
f 1612/1/1 1610/2/1 1609/3/1 1611/4/1
f 1616/1/1 1614/2/1 1613/3/1 1615/4/1
f 1620/1/1 1618/2/1 1617/3/1 1619/4/1
f 1624/1/1 1622/2/1 1621/3/1 1623/4/1
f 1628/1/1 1626/2/1 1625/3/1 1627/4/1
f 1632/1/1 1630/2/1 1629/3/1 1631/4/1
f 1636/1/1 1634/2/1 1633/3/1 1635/4/1
f 1640/1/1 1638/2/1 1637/3/1 1639/4/1
f 1644/1/1 1642/2/1 1641/3/1 1643/4/1
f 1648/1/1 1646/2/1 1645/3/1 1647/4/1
f 1652/1/1 1650/2/1 1649/3/1 1651/4/1
f 1656/1/1 1654/2/1 1653/3/1 1655/4/1
f 1660/1/1 1658/2/1 1657/3/1 1659/4/1
f 1664/1/1 1662/2/1 1661/3/1 1663/4/1
f 1668/1/1 1666/2/1 1665/3/1 1667/4/1
f 1672/1/1 1670/2/1 1669/3/1 1671/4/1
f 1676/1/1 1674/2/1 1673/3/1 1675/4/1
f 1680/1/1 1678/2/1 1677/3/1 1679/4/1
f 1684/1/1 1682/2/1 1681/3/1 1683/4/1
f 1688/1/1 1686/2/1 1685/3/1 1687/4/1
f 1692/1/1 1690/2/1 1689/3/1 1691/4/1
f 1696/1/1 1694/2/1 1693/3/1 1695/4/1
f 1700/1/1 1698/2/1 1697/3/1 1699/4/1
f 1704/1/1 1702/2/1 1701/3/1 1703/4/1
f 1708/1/1 1706/2/1 1705/3/1 1707/4/1
f 1712/1/1 1710/2/1 1709/3/1 1711/4/1
f 1716/1/1 1714/2/1 1713/3/1 1715/4/1
f 1720/1/1 1718/2/1 1717/3/1 1719/4/1
f 1724/1/1 1722/2/1 1721/3/1 1723/4/1
f 1728/1/1 1726/2/1 1725/3/1 1727/4/1
f 1732/1/1 1730/2/1 1729/3/1 1731/4/1
f 1736/1/1 1734/2/1 1733/3/1 1735/4/1
f 1740/1/1 1738/2/1 1737/3/1 1739/4/1
f 1744/1/1 1742/2/1 1741/3/1 1743/4/1
f 1748/1/1 1746/2/1 1745/3/1 1747/4/1
f 1752/1/1 1750/2/1 1749/3/1 1751/4/1
f 1756/1/1 1754/2/1 1753/3/1 1755/4/1
f 1760/1/1 1758/2/1 1757/3/1 1759/4/1
f 1764/1/1 1762/2/1 1761/3/1 1763/4/1
f 1768/1/1 1766/2/1 1765/3/1 1767/4/1
f 1772/1/1 1770/2/1 1769/3/1 1771/4/1
f 1776/1/1 1774/2/1 1773/3/1 1775/4/1
f 1780/1/1 1778/2/1 1777/3/1 1779/4/1
f 1784/1/1 1782/2/1 1781/3/1 1783/4/1
f 1788/1/1 1786/2/1 1785/3/1 1787/4/1
f 1792/1/1 1790/2/1 1789/3/1 1791/4/1
f 1796/1/1 1794/2/1 1793/3/1 1795/4/1
f 1800/1/1 1798/2/1 1797/3/1 1799/4/1
f 1804/1/1 1802/2/1 1801/3/1 1803/4/1
f 1808/1/1 1806/2/1 1805/3/1 1807/4/1
f 1812/1/1 1810/2/1 1809/3/1 1811/4/1
f 1816/1/1 1814/2/1 1813/3/1 1815/4/1
f 1820/1/1 1818/2/1 1817/3/1 1819/4/1
f 1824/1/1 1822/2/1 1821/3/1 1823/4/1
f 1828/1/1 1826/2/1 1825/3/1 1827/4/1
f 1832/1/1 1830/2/1 1829/3/1 1831/4/1
f 1836/1/1 1834/2/1 1833/3/1 1835/4/1
f 1840/1/1 1838/2/1 1837/3/1 1839/4/1
f 1844/1/1 1842/2/1 1841/3/1 1843/4/1
f 1848/1/1 1846/2/1 1845/3/1 1847/4/1
f 1852/1/1 1850/2/1 1849/3/1 1851/4/1
f 1856/1/1 1854/2/1 1853/3/1 1855/4/1
f 1860/1/1 1858/2/1 1857/3/1 1859/4/1
f 1864/1/1 1862/2/1 1861/3/1 1863/4/1
f 1868/1/1 1866/2/1 1865/3/1 1867/4/1
f 1872/1/1 1870/2/1 1869/3/1 1871/4/1
f 1876/1/1 1874/2/1 1873/3/1 1875/4/1
f 1880/1/1 1878/2/1 1877/3/1 1879/4/1
f 1884/1/1 1882/2/1 1881/3/1 1883/4/1
f 1888/1/1 1886/2/1 1885/3/1 1887/4/1
f 1892/1/1 1890/2/1 1889/3/1 1891/4/1
f 1896/1/1 1894/2/1 1893/3/1 1895/4/1
f 1900/1/1 1898/2/1 1897/3/1 1899/4/1
f 1904/1/1 1902/2/1 1901/3/1 1903/4/1
f 1908/1/1 1906/2/1 1905/3/1 1907/4/1
f 1912/1/1 1910/2/1 1909/3/1 1911/4/1
f 1916/1/1 1914/2/1 1913/3/1 1915/4/1
f 1920/1/1 1918/2/1 1917/3/1 1919/4/1
f 1924/1/1 1922/2/1 1921/3/1 1923/4/1
f 1928/1/1 1926/2/1 1925/3/1 1927/4/1
f 1932/1/1 1930/2/1 1929/3/1 1931/4/1
f 1936/1/1 1934/2/1 1933/3/1 1935/4/1
f 1940/1/1 1938/2/1 1937/3/1 1939/4/1
f 1944/1/1 1942/2/1 1941/3/1 1943/4/1
f 1948/1/1 1946/2/1 1945/3/1 1947/4/1
f 1952/1/1 1950/2/1 1949/3/1 1951/4/1
f 1956/1/1 1954/2/1 1953/3/1 1955/4/1
f 1960/1/1 1958/2/1 1957/3/1 1959/4/1
f 1964/1/1 1962/2/1 1961/3/1 1963/4/1
f 1968/1/1 1966/2/1 1965/3/1 1967/4/1
f 1972/1/1 1970/2/1 1969/3/1 1971/4/1
f 1976/1/1 1974/2/1 1973/3/1 1975/4/1
f 1980/1/1 1978/2/1 1977/3/1 1979/4/1
f 1984/1/1 1982/2/1 1981/3/1 1983/4/1
f 1988/1/1 1986/2/1 1985/3/1 1987/4/1
f 1992/1/1 1990/2/1 1989/3/1 1991/4/1
f 1996/1/1 1994/2/1 1993/3/1 1995/4/1
f 2000/1/1 1998/2/1 1997/3/1 1999/4/1
f 2004/1/1 2002/2/1 2001/3/1 2003/4/1
f 2008/1/1 2006/2/1 2005/3/1 2007/4/1
f 2012/1/1 2010/2/1 2009/3/1 2011/4/1
f 2016/1/1 2014/2/1 2013/3/1 2015/4/1
f 2020/1/1 2018/2/1 2017/3/1 2019/4/1
f 2024/1/1 2022/2/1 2021/3/1 2023/4/1
f 2028/1/1 2026/2/1 2025/3/1 2027/4/1
f 2032/1/1 2030/2/1 2029/3/1 2031/4/1
f 2036/1/1 2034/2/1 2033/3/1 2035/4/1
f 2040/1/1 2038/2/1 2037/3/1 2039/4/1
f 2044/1/1 2042/2/1 2041/3/1 2043/4/1
f 2048/1/1 2046/2/1 2045/3/1 2047/4/1
f 2052/1/1 2050/2/1 2049/3/1 2051/4/1
f 2056/1/1 2054/2/1 2053/3/1 2055/4/1
f 2060/1/1 2058/2/1 2057/3/1 2059/4/1
f 2064/1/1 2062/2/1 2061/3/1 2063/4/1
f 2068/1/1 2066/2/1 2065/3/1 2067/4/1
f 2072/1/1 2070/2/1 2069/3/1 2071/4/1
f 2076/1/1 2074/2/1 2073/3/1 2075/4/1
f 2080/1/1 2078/2/1 2077/3/1 2079/4/1
f 2084/1/1 2082/2/1 2081/3/1 2083/4/1
f 2088/1/1 2086/2/1 2085/3/1 2087/4/1
f 2092/1/1 2090/2/1 2089/3/1 2091/4/1
f 2096/1/1 2094/2/1 2093/3/1 2095/4/1
f 2100/1/1 2098/2/1 2097/3/1 2099/4/1
f 2104/1/1 2102/2/1 2101/3/1 2103/4/1
f 2108/1/1 2106/2/1 2105/3/1 2107/4/1
f 2112/1/1 2110/2/1 2109/3/1 2111/4/1
f 2116/1/1 2114/2/1 2113/3/1 2115/4/1
f 2120/1/1 2118/2/1 2117/3/1 2119/4/1
f 2124/1/1 2122/2/1 2121/3/1 2123/4/1
f 2128/1/1 2126/2/1 2125/3/1 2127/4/1
f 2132/1/1 2130/2/1 2129/3/1 2131/4/1
f 2136/1/1 2134/2/1 2133/3/1 2135/4/1
f 2140/1/1 2138/2/1 2137/3/1 2139/4/1
f 2144/1/1 2142/2/1 2141/3/1 2143/4/1
f 2148/1/1 2146/2/1 2145/3/1 2147/4/1
f 2152/1/1 2150/2/1 2149/3/1 2151/4/1
f 2156/1/1 2154/2/1 2153/3/1 2155/4/1
f 2160/1/1 2158/2/1 2157/3/1 2159/4/1
f 2164/1/1 2162/2/1 2161/3/1 2163/4/1
f 2168/1/1 2166/2/1 2165/3/1 2167/4/1
f 2172/1/1 2170/2/1 2169/3/1 2171/4/1
f 2176/1/1 2174/2/1 2173/3/1 2175/4/1
f 2180/1/1 2178/2/1 2177/3/1 2179/4/1
f 2184/1/1 2182/2/1 2181/3/1 2183/4/1
f 2188/1/1 2186/2/1 2185/3/1 2187/4/1
f 2192/1/1 2190/2/1 2189/3/1 2191/4/1
f 2196/1/1 2194/2/1 2193/3/1 2195/4/1
f 2200/1/1 2198/2/1 2197/3/1 2199/4/1
f 2204/1/1 2202/2/1 2201/3/1 2203/4/1
f 2208/1/1 2206/2/1 2205/3/1 2207/4/1
f 2212/1/1 2210/2/1 2209/3/1 2211/4/1
f 2216/1/1 2214/2/1 2213/3/1 2215/4/1
f 2220/1/1 2218/2/1 2217/3/1 2219/4/1
f 2224/1/1 2222/2/1 2221/3/1 2223/4/1
f 2228/1/1 2226/2/1 2225/3/1 2227/4/1
f 2232/1/1 2230/2/1 2229/3/1 2231/4/1
f 2236/1/1 2234/2/1 2233/3/1 2235/4/1
f 2240/1/1 2238/2/1 2237/3/1 2239/4/1
f 2244/1/1 2242/2/1 2241/3/1 2243/4/1
f 2248/1/1 2246/2/1 2245/3/1 2247/4/1
f 2252/1/1 2250/2/1 2249/3/1 2251/4/1
f 2256/1/1 2254/2/1 2253/3/1 2255/4/1
f 2260/1/1 2258/2/1 2257/3/1 2259/4/1
f 2264/1/1 2262/2/1 2261/3/1 2263/4/1
f 2268/1/1 2266/2/1 2265/3/1 2267/4/1
f 2272/1/1 2270/2/1 2269/3/1 2271/4/1
f 2276/1/1 2274/2/1 2273/3/1 2275/4/1
f 2280/1/1 2278/2/1 2277/3/1 2279/4/1
f 2284/1/1 2282/2/1 2281/3/1 2283/4/1
f 2288/1/1 2286/2/1 2285/3/1 2287/4/1
f 2292/1/1 2290/2/1 2289/3/1 2291/4/1
f 2296/1/1 2294/2/1 2293/3/1 2295/4/1
f 2300/1/1 2298/2/1 2297/3/1 2299/4/1
f 2304/1/1 2302/2/1 2301/3/1 2303/4/1
f 2308/1/1 2306/2/1 2305/3/1 2307/4/1
f 2312/1/1 2310/2/1 2309/3/1 2311/4/1
f 2316/1/1 2314/2/1 2313/3/1 2315/4/1
f 2320/1/1 2318/2/1 2317/3/1 2319/4/1
f 2324/1/1 2322/2/1 2321/3/1 2323/4/1
f 2328/1/1 2326/2/1 2325/3/1 2327/4/1
f 2332/1/1 2330/2/1 2329/3/1 2331/4/1
f 2336/1/1 2334/2/1 2333/3/1 2335/4/1
f 2340/1/1 2338/2/1 2337/3/1 2339/4/1
f 2344/1/1 2342/2/1 2341/3/1 2343/4/1
f 2348/1/1 2346/2/1 2345/3/1 2347/4/1
f 2352/1/1 2350/2/1 2349/3/1 2351/4/1
f 2356/1/1 2354/2/1 2353/3/1 2355/4/1
f 2360/1/1 2358/2/1 2357/3/1 2359/4/1
f 2364/1/1 2362/2/1 2361/3/1 2363/4/1
f 2368/1/1 2366/2/1 2365/3/1 2367/4/1
f 2372/1/1 2370/2/1 2369/3/1 2371/4/1
f 2376/1/1 2374/2/1 2373/3/1 2375/4/1
f 2380/1/1 2378/2/1 2377/3/1 2379/4/1
f 2384/1/1 2382/2/1 2381/3/1 2383/4/1
f 2388/1/1 2386/2/1 2385/3/1 2387/4/1
f 2392/1/1 2390/2/1 2389/3/1 2391/4/1
f 2396/1/1 2394/2/1 2393/3/1 2395/4/1
f 2400/1/1 2398/2/1 2397/3/1 2399/4/1
f 2404/1/1 2402/2/1 2401/3/1 2403/4/1
f 2408/1/1 2406/2/1 2405/3/1 2407/4/1
f 2412/1/1 2410/2/1 2409/3/1 2411/4/1
f 2416/1/1 2414/2/1 2413/3/1 2415/4/1
f 2420/1/1 2418/2/1 2417/3/1 2419/4/1
f 2424/1/1 2422/2/1 2421/3/1 2423/4/1
f 2428/1/1 2426/2/1 2425/3/1 2427/4/1
f 2432/1/1 2430/2/1 2429/3/1 2431/4/1
f 2436/1/1 2434/2/1 2433/3/1 2435/4/1
f 2440/1/1 2438/2/1 2437/3/1 2439/4/1
f 2444/1/1 2442/2/1 2441/3/1 2443/4/1
f 2448/1/1 2446/2/1 2445/3/1 2447/4/1
f 2452/1/1 2450/2/1 2449/3/1 2451/4/1
f 2456/1/1 2454/2/1 2453/3/1 2455/4/1
f 2460/1/1 2458/2/1 2457/3/1 2459/4/1
f 2464/1/1 2462/2/1 2461/3/1 2463/4/1
f 2468/1/1 2466/2/1 2465/3/1 2467/4/1
f 2472/1/1 2470/2/1 2469/3/1 2471/4/1
f 2476/1/1 2474/2/1 2473/3/1 2475/4/1
f 2480/1/1 2478/2/1 2477/3/1 2479/4/1
f 2484/1/1 2482/2/1 2481/3/1 2483/4/1
f 2488/1/1 2486/2/1 2485/3/1 2487/4/1
f 2492/1/1 2490/2/1 2489/3/1 2491/4/1
f 2496/1/1 2494/2/1 2493/3/1 2495/4/1
f 2500/1/1 2498/2/1 2497/3/1 2499/4/1
f 2504/1/1 2502/2/1 2501/3/1 2503/4/1
f 2508/1/1 2506/2/1 2505/3/1 2507/4/1
f 2512/1/1 2510/2/1 2509/3/1 2511/4/1
f 2516/1/1 2514/2/1 2513/3/1 2515/4/1
f 2520/1/1 2518/2/1 2517/3/1 2519/4/1
f 2524/1/1 2522/2/1 2521/3/1 2523/4/1
f 2528/1/1 2526/2/1 2525/3/1 2527/4/1
f 2532/1/1 2530/2/1 2529/3/1 2531/4/1
f 2536/1/1 2534/2/1 2533/3/1 2535/4/1
f 2540/1/1 2538/2/1 2537/3/1 2539/4/1
f 2544/1/1 2542/2/1 2541/3/1 2543/4/1
f 2548/1/1 2546/2/1 2545/3/1 2547/4/1
f 2552/1/1 2550/2/1 2549/3/1 2551/4/1
f 2556/1/1 2554/2/1 2553/3/1 2555/4/1
f 2560/1/1 2558/2/1 2557/3/1 2559/4/1
f 2564/1/1 2562/2/1 2561/3/1 2563/4/1
f 2568/1/1 2566/2/1 2565/3/1 2567/4/1
f 2572/1/1 2570/2/1 2569/3/1 2571/4/1
f 2576/1/1 2574/2/1 2573/3/1 2575/4/1
f 2580/1/1 2578/2/1 2577/3/1 2579/4/1
f 2584/1/1 2582/2/1 2581/3/1 2583/4/1
f 2588/1/1 2586/2/1 2585/3/1 2587/4/1
f 2592/1/1 2590/2/1 2589/3/1 2591/4/1
f 2596/1/1 2594/2/1 2593/3/1 2595/4/1
f 2600/1/1 2598/2/1 2597/3/1 2599/4/1
f 2604/1/1 2602/2/1 2601/3/1 2603/4/1
f 2608/1/1 2606/2/1 2605/3/1 2607/4/1
f 2612/1/1 2610/2/1 2609/3/1 2611/4/1
f 2616/1/1 2614/2/1 2613/3/1 2615/4/1
f 2620/1/1 2618/2/1 2617/3/1 2619/4/1
f 2624/1/1 2622/2/1 2621/3/1 2623/4/1
f 2628/1/1 2626/2/1 2625/3/1 2627/4/1
f 2632/1/1 2630/2/1 2629/3/1 2631/4/1
f 2636/1/1 2634/2/1 2633/3/1 2635/4/1
f 2640/1/1 2638/2/1 2637/3/1 2639/4/1
f 2644/1/1 2642/2/1 2641/3/1 2643/4/1
f 2648/1/1 2646/2/1 2645/3/1 2647/4/1
f 2652/1/1 2650/2/1 2649/3/1 2651/4/1
f 2656/1/1 2654/2/1 2653/3/1 2655/4/1
f 2660/1/1 2658/2/1 2657/3/1 2659/4/1
f 2664/1/1 2662/2/1 2661/3/1 2663/4/1
f 2668/1/1 2666/2/1 2665/3/1 2667/4/1
f 2672/1/1 2670/2/1 2669/3/1 2671/4/1
f 2676/1/1 2674/2/1 2673/3/1 2675/4/1
f 2680/1/1 2678/2/1 2677/3/1 2679/4/1
f 2684/1/1 2682/2/1 2681/3/1 2683/4/1
f 2688/1/1 2686/2/1 2685/3/1 2687/4/1
f 2692/1/1 2690/2/1 2689/3/1 2691/4/1
f 2696/1/1 2694/2/1 2693/3/1 2695/4/1
f 2700/1/1 2698/2/1 2697/3/1 2699/4/1
f 2704/1/1 2702/2/1 2701/3/1 2703/4/1
f 2708/1/1 2706/2/1 2705/3/1 2707/4/1
f 2712/1/1 2710/2/1 2709/3/1 2711/4/1
f 2716/1/1 2714/2/1 2713/3/1 2715/4/1
f 2720/1/1 2718/2/1 2717/3/1 2719/4/1
f 2724/1/1 2722/2/1 2721/3/1 2723/4/1
f 2728/1/1 2726/2/1 2725/3/1 2727/4/1
f 2732/1/1 2730/2/1 2729/3/1 2731/4/1
f 2736/1/1 2734/2/1 2733/3/1 2735/4/1
f 2740/1/1 2738/2/1 2737/3/1 2739/4/1
f 2744/1/1 2742/2/1 2741/3/1 2743/4/1
f 2748/1/1 2746/2/1 2745/3/1 2747/4/1
f 2752/1/1 2750/2/1 2749/3/1 2751/4/1
f 2756/1/1 2754/2/1 2753/3/1 2755/4/1
f 2760/1/1 2758/2/1 2757/3/1 2759/4/1
f 2764/1/1 2762/2/1 2761/3/1 2763/4/1
f 2768/1/1 2766/2/1 2765/3/1 2767/4/1
f 2772/1/1 2770/2/1 2769/3/1 2771/4/1
f 2776/1/1 2774/2/1 2773/3/1 2775/4/1
f 2780/1/1 2778/2/1 2777/3/1 2779/4/1
f 2784/1/1 2782/2/1 2781/3/1 2783/4/1
f 2788/1/1 2786/2/1 2785/3/1 2787/4/1
f 2792/1/1 2790/2/1 2789/3/1 2791/4/1
f 2796/1/1 2794/2/1 2793/3/1 2795/4/1
f 2800/1/1 2798/2/1 2797/3/1 2799/4/1
f 2804/1/1 2802/2/1 2801/3/1 2803/4/1
f 2808/1/1 2806/2/1 2805/3/1 2807/4/1
f 2812/1/1 2810/2/1 2809/3/1 2811/4/1
f 2816/1/1 2814/2/1 2813/3/1 2815/4/1
f 2820/1/1 2818/2/1 2817/3/1 2819/4/1
f 2824/1/1 2822/2/1 2821/3/1 2823/4/1
f 2828/1/1 2826/2/1 2825/3/1 2827/4/1
f 2832/1/1 2830/2/1 2829/3/1 2831/4/1
f 2836/1/1 2834/2/1 2833/3/1 2835/4/1
f 2840/1/1 2838/2/1 2837/3/1 2839/4/1
f 2844/1/1 2842/2/1 2841/3/1 2843/4/1
f 2848/1/1 2846/2/1 2845/3/1 2847/4/1
f 2852/1/1 2850/2/1 2849/3/1 2851/4/1
f 2856/1/1 2854/2/1 2853/3/1 2855/4/1
f 2860/1/1 2858/2/1 2857/3/1 2859/4/1
f 2864/1/1 2862/2/1 2861/3/1 2863/4/1
f 2868/1/1 2866/2/1 2865/3/1 2867/4/1
f 2872/1/1 2870/2/1 2869/3/1 2871/4/1
f 2876/1/1 2874/2/1 2873/3/1 2875/4/1
f 2880/1/1 2878/2/1 2877/3/1 2879/4/1
f 2884/1/1 2882/2/1 2881/3/1 2883/4/1
f 2888/1/1 2886/2/1 2885/3/1 2887/4/1
f 2892/1/1 2890/2/1 2889/3/1 2891/4/1
f 2896/1/1 2894/2/1 2893/3/1 2895/4/1
f 2900/1/1 2898/2/1 2897/3/1 2899/4/1
f 2904/1/1 2902/2/1 2901/3/1 2903/4/1
f 2908/1/1 2906/2/1 2905/3/1 2907/4/1
f 2912/1/1 2910/2/1 2909/3/1 2911/4/1
f 2916/1/1 2914/2/1 2913/3/1 2915/4/1
f 2920/1/1 2918/2/1 2917/3/1 2919/4/1
f 2924/1/1 2922/2/1 2921/3/1 2923/4/1
f 2928/1/1 2926/2/1 2925/3/1 2927/4/1
f 2932/1/1 2930/2/1 2929/3/1 2931/4/1
f 2936/1/1 2934/2/1 2933/3/1 2935/4/1
f 2940/1/1 2938/2/1 2937/3/1 2939/4/1
f 2944/1/1 2942/2/1 2941/3/1 2943/4/1
f 2948/1/1 2946/2/1 2945/3/1 2947/4/1
f 2952/1/1 2950/2/1 2949/3/1 2951/4/1
f 2956/1/1 2954/2/1 2953/3/1 2955/4/1
f 2960/1/1 2958/2/1 2957/3/1 2959/4/1
f 2964/1/1 2962/2/1 2961/3/1 2963/4/1
f 2968/1/1 2966/2/1 2965/3/1 2967/4/1
f 2972/1/1 2970/2/1 2969/3/1 2971/4/1
f 2976/1/1 2974/2/1 2973/3/1 2975/4/1
f 2980/1/1 2978/2/1 2977/3/1 2979/4/1
f 2984/1/1 2982/2/1 2981/3/1 2983/4/1
f 2988/1/1 2986/2/1 2985/3/1 2987/4/1
f 2992/1/1 2990/2/1 2989/3/1 2991/4/1
f 2996/1/1 2994/2/1 2993/3/1 2995/4/1
f 3000/1/1 2998/2/1 2997/3/1 2999/4/1
f 3004/1/1 3002/2/1 3001/3/1 3003/4/1
f 3008/1/1 3006/2/1 3005/3/1 3007/4/1
f 3012/1/1 3010/2/1 3009/3/1 3011/4/1
f 3016/1/1 3014/2/1 3013/3/1 3015/4/1
f 3020/1/1 3018/2/1 3017/3/1 3019/4/1
f 3024/1/1 3022/2/1 3021/3/1 3023/4/1
f 3028/1/1 3026/2/1 3025/3/1 3027/4/1
f 3032/1/1 3030/2/1 3029/3/1 3031/4/1
f 3036/1/1 3034/2/1 3033/3/1 3035/4/1
f 3040/1/1 3038/2/1 3037/3/1 3039/4/1
f 3044/1/1 3042/2/1 3041/3/1 3043/4/1
f 3048/1/1 3046/2/1 3045/3/1 3047/4/1
f 3052/1/1 3050/2/1 3049/3/1 3051/4/1
f 3056/1/1 3054/2/1 3053/3/1 3055/4/1
f 3060/1/1 3058/2/1 3057/3/1 3059/4/1
f 3064/1/1 3062/2/1 3061/3/1 3063/4/1
f 3068/1/1 3066/2/1 3065/3/1 3067/4/1
f 3072/1/1 3070/2/1 3069/3/1 3071/4/1
f 3076/1/1 3074/2/1 3073/3/1 3075/4/1
f 3080/1/1 3078/2/1 3077/3/1 3079/4/1
f 3084/1/1 3082/2/1 3081/3/1 3083/4/1
f 3088/1/1 3086/2/1 3085/3/1 3087/4/1
f 3092/1/1 3090/2/1 3089/3/1 3091/4/1
f 3096/1/1 3094/2/1 3093/3/1 3095/4/1
f 3100/1/1 3098/2/1 3097/3/1 3099/4/1
f 3104/1/1 3102/2/1 3101/3/1 3103/4/1
f 3108/1/1 3106/2/1 3105/3/1 3107/4/1
f 3112/1/1 3110/2/1 3109/3/1 3111/4/1
f 3116/1/1 3114/2/1 3113/3/1 3115/4/1
f 3120/1/1 3118/2/1 3117/3/1 3119/4/1
f 3124/1/1 3122/2/1 3121/3/1 3123/4/1
f 3128/1/1 3126/2/1 3125/3/1 3127/4/1
f 3132/1/1 3130/2/1 3129/3/1 3131/4/1
f 3136/1/1 3134/2/1 3133/3/1 3135/4/1
f 3140/1/1 3138/2/1 3137/3/1 3139/4/1
f 3144/1/1 3142/2/1 3141/3/1 3143/4/1
f 3148/1/1 3146/2/1 3145/3/1 3147/4/1
f 3152/1/1 3150/2/1 3149/3/1 3151/4/1
f 3156/1/1 3154/2/1 3153/3/1 3155/4/1
f 3160/1/1 3158/2/1 3157/3/1 3159/4/1
f 3164/1/1 3162/2/1 3161/3/1 3163/4/1
f 3168/1/1 3166/2/1 3165/3/1 3167/4/1
f 3172/1/1 3170/2/1 3169/3/1 3171/4/1
f 3176/1/1 3174/2/1 3173/3/1 3175/4/1
f 3180/1/1 3178/2/1 3177/3/1 3179/4/1
f 3184/1/1 3182/2/1 3181/3/1 3183/4/1
f 3188/1/1 3186/2/1 3185/3/1 3187/4/1
f 3192/1/1 3190/2/1 3189/3/1 3191/4/1
f 3196/1/1 3194/2/1 3193/3/1 3195/4/1
f 3200/1/1 3198/2/1 3197/3/1 3199/4/1
