# Blender 4.5.3 LTS
# www.blender.org
o Cube.003
v -4.500000 -0.000000 -0.490000
v -5.000000 -0.000000 -0.490000
v -4.500000 -0.000000 -0.510001
v -5.000000 -0.000000 -0.510001
v -4.500000 -0.000000 -0.990000
v -5.000000 -0.000000 -0.990000
v -4.500000 -0.000000 -1.010000
v -5.000000 -0.000000 -1.010000
v -4.500000 -0.000000 -1.490000
v -5.000000 -0.000000 -1.490000
v -4.500000 -0.000000 -1.510000
v -5.000000 -0.000000 -1.510000
v -4.500000 -0.000000 -1.989999
v -5.000000 -0.000000 -1.989999
v -4.500000 -0.000000 -2.009999
v -5.000000 -0.000000 -2.009999
v -4.500000 -0.000000 -2.489999
v -5.000000 -0.000000 -2.489999
v -4.500000 -0.000000 -2.509999
v -5.000000 -0.000000 -2.509999
v -4.500000 -0.000000 -2.989998
v -5.000000 -0.000000 -2.989998
v -4.500000 -0.000000 -3.009998
v -5.000000 -0.000000 -3.009998
v -4.500000 -0.000000 -3.489997
v -5.000000 -0.000000 -3.489997
v -4.500000 -0.000000 -3.509998
v -5.000000 -0.000000 -3.509998
v -4.500000 -0.000000 -3.989997
v -5.000000 -0.000000 -3.989997
v -4.500000 -0.000000 -4.009997
v -5.000000 -0.000000 -4.009997
v -4.500000 -0.000000 -4.489996
v -5.000000 -0.000000 -4.489996
v -4.500000 -0.000000 -4.509997
v -5.000000 -0.000000 -4.509997
v -4.000000 -0.000000 -0.490000
v -4.500000 -0.000000 -0.490000
v -4.000000 -0.000000 -0.510001
v -4.500000 -0.000000 -0.510001
v -4.000000 -0.000000 -0.990000
v -4.500000 -0.000000 -0.990000
v -4.000000 -0.000000 -1.010000
v -4.500000 -0.000000 -1.010000
v -4.000000 -0.000000 -1.490000
v -4.500000 -0.000000 -1.490000
v -4.000000 -0.000000 -1.510000
v -4.500000 -0.000000 -1.510000
v -4.000000 -0.000000 -1.989999
v -4.500000 -0.000000 -1.989999
v -4.000000 -0.000000 -2.009999
v -4.500000 -0.000000 -2.009999
v -4.000000 -0.000000 -2.489999
v -4.500000 -0.000000 -2.489999
v -4.000000 -0.000000 -2.509999
v -4.500000 -0.000000 -2.509999
v -4.000000 -0.000000 -2.989998
v -4.500000 -0.000000 -2.989998
v -4.000000 -0.000000 -3.009998
v -4.500000 -0.000000 -3.009998
v -4.000000 -0.000000 -3.489997
v -4.500000 -0.000000 -3.489997
v -4.000000 -0.000000 -3.509998
v -4.500000 -0.000000 -3.509998
v -4.000000 -0.000000 -3.989997
v -4.500000 -0.000000 -3.989997
v -4.000000 -0.000000 -4.009997
v -4.500000 -0.000000 -4.009997
v -4.000000 -0.000000 -4.489996
v -4.500000 -0.000000 -4.489996
v -4.000000 -0.000000 -4.509997
v -4.500000 -0.000000 -4.509997
v -3.500000 -0.000000 -0.490000
v -4.000000 -0.000000 -0.490000
v -3.500000 -0.000000 -0.510000
v -4.000000 -0.000000 -0.510001
v -3.500000 -0.000000 -0.990000
v -4.000000 -0.000000 -0.990000
v -3.500000 -0.000000 -1.010000
v -4.000000 -0.000000 -1.010000
v -3.500000 -0.000000 -1.490000
v -4.000000 -0.000000 -1.490000
v -3.500000 -0.000000 -1.510000
v -4.000000 -0.000000 -1.510000
v -3.500000 -0.000000 -1.989998
v -4.000000 -0.000000 -1.989999
v -3.500000 -0.000000 -2.009999
v -4.000000 -0.000000 -2.009999
v -3.500000 -0.000000 -2.489999
v -4.000000 -0.000000 -2.489999
v -3.500000 -0.000000 -2.509999
v -4.000000 -0.000000 -2.509999
v -3.500000 -0.000000 -2.989998
v -4.000000 -0.000000 -2.989998
v -3.500000 -0.000000 -3.009998
v -4.000000 -0.000000 -3.009998
v -3.500000 -0.000000 -3.489997
v -4.000000 -0.000000 -3.489997
v -3.500000 -0.000000 -3.509998
v -4.000000 -0.000000 -3.509998
v -3.500000 -0.000000 -3.989997
v -4.000000 -0.000000 -3.989997
v -3.500000 -0.000000 -4.009997
v -4.000000 -0.000000 -4.009997
v -3.500000 -0.000000 -4.489996
v -4.000000 -0.000000 -4.489996
v -3.500000 -0.000000 -4.509997
v -4.000000 -0.000000 -4.509997
v -3.000000 -0.000000 -0.490000
v -3.500000 -0.000000 -0.490000
v -3.000000 -0.000000 -0.510000
v -3.500000 -0.000000 -0.510000
v -3.000000 -0.000000 -0.990000
v -3.500000 -0.000000 -0.990000
v -3.000000 -0.000000 -1.010000
v -3.500000 -0.000000 -1.010000
v -3.000000 -0.000000 -1.490000
v -3.500000 -0.000000 -1.490000
v -3.000000 -0.000000 -1.510000
v -3.500000 -0.000000 -1.510000
v -3.000000 -0.000000 -1.989998
v -3.500000 -0.000000 -1.989998
v -3.000000 -0.000000 -2.009999
v -3.500000 -0.000000 -2.009999
v -3.000000 -0.000000 -2.489999
v -3.500000 -0.000000 -2.489999
v -3.000000 -0.000000 -2.509999
v -3.500000 -0.000000 -2.509999
v -3.000000 -0.000000 -2.989998
v -3.500000 -0.000000 -2.989998
v -3.000000 -0.000000 -3.009998
v -3.500000 -0.000000 -3.009998
v -3.000000 -0.000000 -3.489997
v -3.500000 -0.000000 -3.489997
v -3.000000 -0.000000 -3.509998
v -3.500000 -0.000000 -3.509998
v -3.000000 -0.000000 -3.989997
v -3.500000 -0.000000 -3.989997
v -3.000000 -0.000000 -4.009996
v -3.500000 -0.000000 -4.009997
v -3.000000 -0.000000 -4.489996
v -3.500000 -0.000000 -4.489996
v -3.000000 -0.000000 -4.509996
v -3.500000 -0.000000 -4.509997
v -2.500000 -0.000000 -0.490000
v -3.000000 -0.000000 -0.490000
v -2.500000 -0.000000 -0.510000
v -3.000000 -0.000000 -0.510000
v -2.500000 -0.000000 -0.989999
v -3.000000 -0.000000 -0.990000
v -2.500000 -0.000000 -1.010000
v -3.000000 -0.000000 -1.010000
v -2.500000 -0.000000 -1.490000
v -3.000000 -0.000000 -1.490000
v -2.500000 -0.000000 -1.510000
v -3.000000 -0.000000 -1.510000
v -2.500000 -0.000000 -1.989998
v -3.000000 -0.000000 -1.989998
v -2.500000 -0.000000 -2.009999
v -3.000000 -0.000000 -2.009999
v -2.500000 -0.000000 -2.489999
v -3.000000 -0.000000 -2.489999
v -2.500000 -0.000000 -2.509999
v -3.000000 -0.000000 -2.509999
v -2.500000 -0.000000 -2.989998
v -3.000000 -0.000000 -2.989998
v -2.500000 -0.000000 -3.009998
v -3.000000 -0.000000 -3.009998
v -2.500000 -0.000000 -3.489997
v -3.000000 -0.000000 -3.489997
v -2.500000 -0.000000 -3.509998
v -3.000000 -0.000000 -3.509998
v -2.500000 -0.000000 -3.989997
v -3.000000 -0.000000 -3.989997
v -2.500000 -0.000000 -4.009996
v -3.000000 -0.000000 -4.009996
v -2.500000 -0.000000 -4.489996
v -3.000000 -0.000000 -4.489996
v -2.500000 -0.000000 -4.509996
v -3.000000 -0.000000 -4.509996
v -2.000000 -0.000000 -0.490000
v -2.500000 -0.000000 -0.490000
v -2.000000 -0.000000 -0.510000
v -2.500000 -0.000000 -0.510000
v -2.000000 -0.000000 -0.989999
v -2.500000 -0.000000 -0.989999
v -2.000000 -0.000000 -1.010000
v -2.500000 -0.000000 -1.010000
v -2.000000 -0.000000 -1.489999
v -2.500000 -0.000000 -1.490000
v -2.000000 -0.000000 -1.509999
v -2.500000 -0.000000 -1.510000
v -2.000000 -0.000000 -1.989998
v -2.500000 -0.000000 -1.989998
v -2.000000 -0.000000 -2.009999
v -2.500000 -0.000000 -2.009999
v -2.000000 -0.000000 -2.489999
v -2.500000 -0.000000 -2.489999
v -2.000000 -0.000000 -2.509999
v -2.500000 -0.000000 -2.509999
v -2.000000 -0.000000 -2.989998
v -2.500000 -0.000000 -2.989998
v -2.000000 -0.000000 -3.009998
v -2.500000 -0.000000 -3.009998
v -2.000000 -0.000000 -3.489997
v -2.500000 -0.000000 -3.489997
v -2.000000 -0.000000 -3.509998
v -2.500000 -0.000000 -3.509998
v -2.000000 -0.000000 -3.989997
v -2.500000 -0.000000 -3.989997
v -2.000000 -0.000000 -4.009996
v -2.500000 -0.000000 -4.009996
v -2.000000 -0.000000 -4.489996
v -2.500000 -0.000000 -4.489996
v -2.000000 -0.000000 -4.509996
v -2.500000 -0.000000 -4.509996
v -1.500000 -0.000000 -0.490000
v -2.000000 -0.000000 -0.490000
v -1.500000 -0.000000 -0.510000
v -2.000000 -0.000000 -0.510000
v -1.500000 -0.000000 -0.989999
v -2.000000 -0.000000 -0.989999
v -1.500000 -0.000000 -1.010000
v -2.000000 -0.000000 -1.010000
v -1.500000 -0.000000 -1.489999
v -2.000000 -0.000000 -1.489999
v -1.500000 -0.000000 -1.509999
v -2.000000 -0.000000 -1.509999
v -1.500000 -0.000000 -1.989998
v -2.000000 -0.000000 -1.989998
v -1.500000 -0.000000 -2.009999
v -2.000000 -0.000000 -2.009999
v -1.500000 -0.000000 -2.489998
v -2.000000 -0.000000 -2.489999
v -1.500000 -0.000000 -2.509998
v -2.000000 -0.000000 -2.509999
v -1.500000 -0.000000 -2.989997
v -2.000000 -0.000000 -2.989998
v -1.500000 -0.000000 -3.009998
v -2.000000 -0.000000 -3.009998
v -1.500000 -0.000000 -3.489997
v -2.000000 -0.000000 -3.489997
v -1.500000 -0.000000 -3.509997
v -2.000000 -0.000000 -3.509998
v -1.500000 -0.000000 -3.989997
v -2.000000 -0.000000 -3.989997
v -1.500000 -0.000000 -4.009996
v -2.000000 -0.000000 -4.009996
v -1.500000 -0.000000 -4.489996
v -2.000000 -0.000000 -4.489996
v -1.500000 -0.000000 -4.509996
v -2.000000 -0.000000 -4.509996
v -1.000000 -0.000000 -0.490000
v -1.500000 -0.000000 -0.490000
v -1.000000 -0.000000 -0.510000
v -1.500000 -0.000000 -0.510000
v -1.000000 -0.000000 -0.989999
v -1.500000 -0.000000 -0.989999
v -1.000000 -0.000000 -1.010000
v -1.500000 -0.000000 -1.010000
v -1.000000 -0.000000 -1.489999
v -1.500000 -0.000000 -1.489999
v -1.000000 -0.000000 -1.509999
v -1.500000 -0.000000 -1.509999
v -1.000000 -0.000000 -1.989998
v -1.500000 -0.000000 -1.989998
v -1.000000 -0.000000 -2.009999
v -1.500000 -0.000000 -2.009999
v -1.000000 -0.000000 -2.489998
v -1.500000 -0.000000 -2.489998
v -1.000000 -0.000000 -2.509998
v -1.500000 -0.000000 -2.509998
v -1.000000 -0.000000 -2.989997
v -1.500000 -0.000000 -2.989997
v -1.000000 -0.000000 -3.009998
v -1.500000 -0.000000 -3.009998
v -1.000000 -0.000000 -3.489997
v -1.500000 -0.000000 -3.489997
v -1.000000 -0.000000 -3.509997
v -1.500000 -0.000000 -3.509997
v -1.000000 -0.000000 -3.989997
v -1.500000 -0.000000 -3.989997
v -1.000000 -0.000000 -4.009996
v -1.500000 -0.000000 -4.009996
v -1.000000 -0.000000 -4.489996
v -1.500000 -0.000000 -4.489996
v -1.000000 -0.000000 -4.509996
v -1.500000 -0.000000 -4.509996
v -0.500000 -0.000000 -0.490000
v -1.000000 -0.000000 -0.490000
v -0.500000 -0.000000 -0.510000
v -1.000000 -0.000000 -0.510000
v -0.500000 -0.000000 -0.989999
v -1.000000 -0.000000 -0.989999
v -0.500000 -0.000000 -1.010000
v -1.000000 -0.000000 -1.010000
v -0.500000 -0.000000 -1.489999
v -1.000000 -0.000000 -1.489999
v -0.500000 -0.000000 -1.509999
v -1.000000 -0.000000 -1.509999
v -0.500000 -0.000000 -1.989998
v -1.000000 -0.000000 -1.989998
v -0.500000 -0.000000 -2.009999
v -1.000000 -0.000000 -2.009999
v -0.500000 -0.000000 -2.489998
v -1.000000 -0.000000 -2.489998
v -0.500000 -0.000000 -2.509998
v -1.000000 -0.000000 -2.509998
v -0.500000 -0.000000 -2.989997
v -1.000000 -0.000000 -2.989997
v -0.500000 -0.000000 -3.009998
v -1.000000 -0.000000 -3.009998
v -0.499999 -0.000000 -3.489997
v -1.000000 -0.000000 -3.489997
v -0.499999 -0.000000 -3.509997
v -1.000000 -0.000000 -3.509997
v -0.499999 -0.000000 -3.989997
v -1.000000 -0.000000 -3.989997
v -0.499999 -0.000000 -4.009996
v -1.000000 -0.000000 -4.009996
v -0.499999 -0.000000 -4.489996
v -1.000000 -0.000000 -4.489996
v -0.499999 -0.000000 -4.509996
v -1.000000 -0.000000 -4.509996
v 0.000000 -0.000000 -0.490000
v -0.500000 -0.000000 -0.490000
v 0.000000 -0.000000 -0.510000
v -0.500000 -0.000000 -0.510000
v 0.000000 -0.000000 -0.989999
v -0.500000 -0.000000 -0.989999
v 0.000000 -0.000000 -1.010000
v -0.500000 -0.000000 -1.010000
v 0.000000 -0.000000 -1.489999
v -0.500000 -0.000000 -1.489999
v 0.000000 -0.000000 -1.509999
v -0.500000 -0.000000 -1.509999
v 0.000000 -0.000000 -1.989998
v -0.500000 -0.000000 -1.989998
v 0.000000 -0.000000 -2.009999
v -0.500000 -0.000000 -2.009999
v 0.000000 -0.000000 -2.489998
v -0.500000 -0.000000 -2.489998
v 0.000000 -0.000000 -2.509998
v -0.500000 -0.000000 -2.509998
v 0.000000 -0.000000 -2.989997
v -0.500000 -0.000000 -2.989997
v 0.000000 -0.000000 -3.009998
v -0.500000 -0.000000 -3.009998
v 0.000000 -0.000000 -3.489997
v -0.499999 -0.000000 -3.489997
v 0.000000 -0.000000 -3.509997
v -0.499999 -0.000000 -3.509997
v 0.000000 -0.000000 -3.989997
v -0.499999 -0.000000 -3.989997
v 0.000000 -0.000000 -4.009996
v -0.499999 -0.000000 -4.009996
v 0.000000 -0.000000 -4.489996
v -0.499999 -0.000000 -4.489996
v 0.000000 -0.000000 -4.509996
v -0.499999 -0.000000 -4.509996
v 0.500000 -0.000000 -0.490000
v 0.000000 -0.000000 -0.490000
v 0.500000 -0.000000 -0.510000
v 0.000000 -0.000000 -0.510000
v 0.500000 -0.000000 -0.989999
v 0.000000 -0.000000 -0.989999
v 0.500000 -0.000000 -1.010000
v 0.000000 -0.000000 -1.010000
v 0.500000 -0.000000 -1.489999
v 0.000000 -0.000000 -1.489999
v 0.500000 -0.000000 -1.509999
v 0.000000 -0.000000 -1.509999
v 0.500000 -0.000000 -1.989998
v 0.000000 -0.000000 -1.989998
v 0.500000 -0.000000 -2.009999
v 0.000000 -0.000000 -2.009999
v 0.500000 -0.000000 -2.489998
v 0.000000 -0.000000 -2.489998
v 0.500000 -0.000000 -2.509998
v 0.000000 -0.000000 -2.509998
v 0.500000 -0.000000 -2.989997
v 0.000000 -0.000000 -2.989997
v 0.500000 -0.000000 -3.009998
v 0.000000 -0.000000 -3.009998
v 0.500000 -0.000000 -3.489997
v 0.000000 -0.000000 -3.489997
v 0.500000 -0.000000 -3.509997
v 0.000000 -0.000000 -3.509997
v 0.500000 -0.000000 -3.989997
v 0.000000 -0.000000 -3.989997
v 0.500000 -0.000000 -4.009996
v 0.000000 -0.000000 -4.009996
v 0.500000 -0.000000 -4.489996
v 0.000000 -0.000000 -4.489996
v 0.500000 -0.000000 -4.509996
v 0.000000 -0.000000 -4.509996
v 1.000000 -0.000000 -0.490000
v 0.500000 -0.000000 -0.490000
v 1.000000 -0.000000 -0.510000
v 0.500000 -0.000000 -0.510000
v 1.000000 -0.000000 -0.989999
v 0.500000 -0.000000 -0.989999
v 1.000000 -0.000000 -1.010000
v 0.500000 -0.000000 -1.010000
v 1.000000 -0.000000 -1.489999
v 0.500000 -0.000000 -1.489999
v 1.000000 -0.000000 -1.509999
v 0.500000 -0.000000 -1.509999
v 1.000000 -0.000000 -1.989998
v 0.500000 -0.000000 -1.989998
v 1.000000 -0.000000 -2.009999
v 0.500000 -0.000000 -2.009999
v 1.000000 -0.000000 -2.489998
v 0.500000 -0.000000 -2.489998
v 1.000000 -0.000000 -2.509998
v 0.500000 -0.000000 -2.509998
v 1.000000 -0.000000 -2.989997
v 0.500000 -0.000000 -2.989997
v 1.000000 -0.000000 -3.009998
v 0.500000 -0.000000 -3.009998
v 1.000000 -0.000000 -3.489997
v 0.500000 -0.000000 -3.489997
v 1.000000 -0.000000 -3.509997
v 0.500000 -0.000000 -3.509997
v 1.000000 -0.000000 -3.989997
v 0.500000 -0.000000 -3.989997
v 1.000000 -0.000000 -4.009996
v 0.500000 -0.000000 -4.009996
v 1.000000 -0.000000 -4.489996
v 0.500000 -0.000000 -4.489996
v 1.000000 -0.000000 -4.509996
v 0.500000 -0.000000 -4.509996
v 1.500000 -0.000000 -0.490000
v 1.000000 -0.000000 -0.490000
v 1.500000 -0.000000 -0.510000
v 1.000000 -0.000000 -0.510000
v 1.500000 -0.000000 -0.989999
v 1.000000 -0.000000 -0.989999
v 1.500000 -0.000000 -1.010000
v 1.000000 -0.000000 -1.010000
v 1.500000 -0.000000 -1.489999
v 1.000000 -0.000000 -1.489999
v 1.500000 -0.000000 -1.509999
v 1.000000 -0.000000 -1.509999
v 1.500000 -0.000000 -1.989998
v 1.000000 -0.000000 -1.989998
v 1.500000 -0.000000 -2.009999
v 1.000000 -0.000000 -2.009999
v 1.500000 -0.000000 -2.489998
v 1.000000 -0.000000 -2.489998
v 1.500000 -0.000000 -2.509998
v 1.000000 -0.000000 -2.509998
v 1.500000 -0.000000 -2.989997
v 1.000000 -0.000000 -2.989997
v 1.500000 -0.000000 -3.009998
v 1.000000 -0.000000 -3.009998
v 1.500000 -0.000000 -3.489997
v 1.000000 -0.000000 -3.489997
v 1.500000 -0.000000 -3.509997
v 1.000000 -0.000000 -3.509997
v 1.500000 -0.000000 -3.989997
v 1.000000 -0.000000 -3.989997
v 1.500000 -0.000000 -4.009996
v 1.000000 -0.000000 -4.009996
v 1.500000 -0.000000 -4.489996
v 1.000000 -0.000000 -4.489996
v 1.500000 -0.000000 -4.509996
v 1.000000 -0.000000 -4.509996
v 2.000000 -0.000000 -0.490000
v 1.500000 -0.000000 -0.490000
v 2.000000 -0.000000 -0.510000
v 1.500000 -0.000000 -0.510000
v 2.000000 -0.000000 -0.989999
v 1.500000 -0.000000 -0.989999
v 2.000000 -0.000000 -1.010000
v 1.500000 -0.000000 -1.010000
v 2.000000 -0.000000 -1.489999
v 1.500000 -0.000000 -1.489999
v 2.000000 -0.000000 -1.509999
v 1.500000 -0.000000 -1.509999
v 2.000000 -0.000000 -1.989998
v 1.500000 -0.000000 -1.989998
v 2.000000 -0.000000 -2.009999
v 1.500000 -0.000000 -2.009999
v 2.000000 -0.000000 -2.489998
v 1.500000 -0.000000 -2.489998
v 2.000000 -0.000000 -2.509998
v 1.500000 -0.000000 -2.509998
v 2.000000 -0.000000 -2.989997
v 1.500000 -0.000000 -2.989997
v 2.000000 -0.000000 -3.009998
v 1.500000 -0.000000 -3.009998
v 2.000000 -0.000000 -3.489997
v 1.500000 -0.000000 -3.489997
v 2.000000 -0.000000 -3.509997
v 1.500000 -0.000000 -3.509997
v 2.000000 -0.000000 -3.989996
v 1.500000 -0.000000 -3.989997
v 2.000000 -0.000000 -4.009996
v 1.500000 -0.000000 -4.009996
v 2.000000 -0.000000 -4.489996
v 1.500000 -0.000000 -4.489996
v 2.000000 -0.000000 -4.509996
v 1.500000 -0.000000 -4.509996
v 2.500000 -0.000000 -0.490000
v 2.000000 -0.000000 -0.490000
v 2.500000 -0.000000 -0.510000
v 2.000000 -0.000000 -0.510000
v 2.500000 -0.000000 -0.989999
v 2.000000 -0.000000 -0.989999
v 2.500000 -0.000000 -1.010000
v 2.000000 -0.000000 -1.010000
v 2.500000 -0.000000 -1.489999
v 2.000000 -0.000000 -1.489999
v 2.500000 -0.000000 -1.509999
v 2.000000 -0.000000 -1.509999
v 2.500000 -0.000000 -1.989998
v 2.000000 -0.000000 -1.989998
v 2.500000 -0.000000 -2.009999
v 2.000000 -0.000000 -2.009999
v 2.500000 -0.000000 -2.489998
v 2.000000 -0.000000 -2.489998
v 2.500000 -0.000000 -2.509998
v 2.000000 -0.000000 -2.509998
v 2.500000 -0.000000 -2.989997
v 2.000000 -0.000000 -2.989997
v 2.500000 -0.000000 -3.009998
v 2.000000 -0.000000 -3.009998
v 2.500000 -0.000000 -3.489997
v 2.000000 -0.000000 -3.489997
v 2.500000 -0.000000 -3.509997
v 2.000000 -0.000000 -3.509997
v 2.500000 -0.000000 -3.989996
v 2.000000 -0.000000 -3.989996
v 2.500000 -0.000000 -4.009996
v 2.000000 -0.000000 -4.009996
v 2.500000 -0.000000 -4.489996
v 2.000000 -0.000000 -4.489996
v 2.500000 -0.000000 -4.509996
v 2.000000 -0.000000 -4.509996
v 3.000000 -0.000000 -0.490000
v 2.500000 -0.000000 -0.490000
v 3.000000 -0.000000 -0.510000
v 2.500000 -0.000000 -0.510000
v 3.000000 -0.000000 -0.989999
v 2.500000 -0.000000 -0.989999
v 3.000000 -0.000000 -1.010000
v 2.500000 -0.000000 -1.010000
v 3.000000 -0.000000 -1.489999
v 2.500000 -0.000000 -1.489999
v 3.000000 -0.000000 -1.509999
v 2.500000 -0.000000 -1.509999
v 3.000000 -0.000000 -1.989998
v 2.500000 -0.000000 -1.989998
v 3.000000 -0.000000 -2.009999
v 2.500000 -0.000000 -2.009999
v 3.000000 -0.000000 -2.489998
v 2.500000 -0.000000 -2.489998
v 3.000000 -0.000000 -2.509998
v 2.500000 -0.000000 -2.509998
v 3.000000 -0.000000 -2.989997
v 2.500000 -0.000000 -2.989997
v 3.000000 -0.000000 -3.009998
v 2.500000 -0.000000 -3.009998
v 3.000000 -0.000000 -3.489997
v 2.500000 -0.000000 -3.489997
v 3.000000 -0.000000 -3.509997
v 2.500000 -0.000000 -3.509997
v 3.000000 -0.000000 -3.989996
v 2.500000 -0.000000 -3.989996
v 3.000000 -0.000000 -4.009996
v 2.500000 -0.000000 -4.009996
v 3.000000 -0.000000 -4.489996
v 2.500000 -0.000000 -4.489996
v 3.000000 -0.000000 -4.509996
v 2.500000 -0.000000 -4.509996
v 3.500000 -0.000000 -0.490000
v 3.000000 -0.000000 -0.490000
v 3.500000 -0.000000 -0.510000
v 3.000000 -0.000000 -0.510000
v 3.500000 -0.000000 -0.989999
v 3.000000 -0.000000 -0.989999
v 3.500000 -0.000000 -1.010000
v 3.000000 -0.000000 -1.010000
v 3.500000 -0.000000 -1.489999
v 3.000000 -0.000000 -1.489999
v 3.500000 -0.000000 -1.509999
v 3.000000 -0.000000 -1.509999
v 3.500000 -0.000000 -1.989998
v 3.000000 -0.000000 -1.989998
v 3.500000 -0.000000 -2.009999
v 3.000000 -0.000000 -2.009999
v 3.500000 -0.000000 -2.489998
v 3.000000 -0.000000 -2.489998
v 3.500000 -0.000000 -2.509998
v 3.000000 -0.000000 -2.509998
v 3.500000 -0.000000 -2.989997
v 3.000000 -0.000000 -2.989997
v 3.500000 -0.000000 -3.009998
v 3.000000 -0.000000 -3.009998
v 3.500000 -0.000000 -3.489997
v 3.000000 -0.000000 -3.489997
v 3.500000 -0.000000 -3.509997
v 3.000000 -0.000000 -3.509997
v 3.500000 -0.000000 -3.989996
v 3.000000 -0.000000 -3.989996
v 3.500000 -0.000000 -4.009996
v 3.000000 -0.000000 -4.009996
v 3.500000 -0.000000 -4.489995
v 3.000000 -0.000000 -4.489996
v 3.500000 -0.000000 -4.509996
v 3.000000 -0.000000 -4.509996
v 4.000000 -0.000000 -0.490000
v 3.500000 -0.000000 -0.490000
v 4.000000 -0.000000 -0.510000
v 3.500000 -0.000000 -0.510000
v 4.000000 -0.000000 -0.989999
v 3.500000 -0.000000 -0.989999
v 4.000000 -0.000000 -1.009999
v 3.500000 -0.000000 -1.010000
v 4.000000 -0.000000 -1.489998
v 3.500000 -0.000000 -1.489999
v 4.000000 -0.000000 -1.509998
v 3.500000 -0.000000 -1.509999
v 4.000000 -0.000000 -1.989998
v 3.500000 -0.000000 -1.989998
v 4.000000 -0.000000 -2.009999
v 3.500000 -0.000000 -2.009999
v 4.000000 -0.000000 -2.489998
v 3.500000 -0.000000 -2.489998
v 4.000000 -0.000000 -2.509998
v 3.500000 -0.000000 -2.509998
v 4.000000 -0.000000 -2.989997
v 3.500000 -0.000000 -2.989997
v 4.000000 -0.000000 -3.009998
v 3.500000 -0.000000 -3.009998
v 4.000000 -0.000000 -3.489997
v 3.500000 -0.000000 -3.489997
v 4.000000 -0.000000 -3.509997
v 3.500000 -0.000000 -3.509997
v 4.000000 -0.000000 -3.989996
v 3.500000 -0.000000 -3.989996
v 4.000000 -0.000000 -4.009996
v 3.500000 -0.000000 -4.009996
v 4.000000 -0.000000 -4.489995
v 3.500000 -0.000000 -4.489995
v 4.000000 -0.000000 -4.509996
v 3.500000 -0.000000 -4.509996
v 4.500000 -0.000000 -0.490000
v 4.000000 -0.000000 -0.490000
v 4.500000 -0.000000 -0.510000
v 4.000000 -0.000000 -0.510000
v 4.500000 -0.000000 -0.989999
v 4.000000 -0.000000 -0.989999
v 4.500000 -0.000000 -1.009999
v 4.000000 -0.000000 -1.009999
v 4.500000 -0.000000 -1.489998
v 4.000000 -0.000000 -1.489998
v 4.500000 -0.000000 -1.509998
v 4.000000 -0.000000 -1.509998
v 4.500000 -0.000000 -1.989998
v 4.000000 -0.000000 -1.989998
v 4.500000 -0.000000 -2.009999
v 4.000000 -0.000000 -2.009999
v 4.500000 -0.000000 -2.489998
v 4.000000 -0.000000 -2.489998
v 4.500000 -0.000000 -2.509998
v 4.000000 -0.000000 -2.509998
v 4.500000 -0.000000 -2.989997
v 4.000000 -0.000000 -2.989997
v 4.500000 -0.000000 -3.009998
v 4.000000 -0.000000 -3.009998
v 4.500000 -0.000000 -3.489997
v 4.000000 -0.000000 -3.489997
v 4.500000 -0.000000 -3.509997
v 4.000000 -0.000000 -3.509997
v 4.500000 -0.000000 -3.989996
v 4.000000 -0.000000 -3.989996
v 4.500000 -0.000000 -4.009996
v 4.000000 -0.000000 -4.009996
v 4.500000 -0.000000 -4.489995
v 4.000000 -0.000000 -4.489995
v 4.500000 -0.000000 -4.509996
v 4.000000 -0.000000 -4.509996
v 5.000000 -0.000000 -0.490000
v 4.500000 -0.000000 -0.490000
v 5.000000 -0.000000 -0.510000
v 4.500000 -0.000000 -0.510000
v 5.000000 -0.000000 -0.989999
v 4.500000 -0.000000 -0.989999
v 5.000000 -0.000000 -1.009999
v 4.500000 -0.000000 -1.009999
v 5.000000 -0.000000 -1.489998
v 4.500000 -0.000000 -1.489998
v 5.000000 -0.000000 -1.509998
v 4.500000 -0.000000 -1.509998
v 5.000000 -0.000000 -1.989998
v 4.500000 -0.000000 -1.989998
v 5.000000 -0.000000 -2.009998
v 4.500000 -0.000000 -2.009999
v 5.000000 -0.000000 -2.489997
v 4.500000 -0.000000 -2.489998
v 5.000000 -0.000000 -2.509998
v 4.500000 -0.000000 -2.509998
v 5.000000 -0.000000 -2.989997
v 4.500000 -0.000000 -2.989997
v 5.000000 -0.000000 -3.009997
v 4.500000 -0.000000 -3.009998
v 5.000000 -0.000000 -3.489996
v 4.500000 -0.000000 -3.489997
v 5.000000 -0.000000 -3.509996
v 4.500000 -0.000000 -3.509997
v 5.000000 -0.000000 -3.989996
v 4.500000 -0.000000 -3.989996
v 5.000000 -0.000000 -4.009996
v 4.500000 -0.000000 -4.009996
v 5.000000 -0.000000 -4.489995
v 4.500000 -0.000000 -4.489995
v 5.000000 -0.000000 -4.509996
v 4.500000 -0.000000 -4.509996
v -4.500000 0.000000 0.020003
v -5.000000 0.000000 0.020003
v -4.500000 -0.000000 -0.019997
v -5.000000 -0.000000 -0.019997
v -4.000000 0.000000 0.020003
v -4.500000 0.000000 0.020003
v -4.000000 -0.000000 -0.019997
v -4.500000 -0.000000 -0.019997
v -3.500000 0.000000 0.020003
v -4.000000 0.000000 0.020003
v -3.500000 -0.000000 -0.019997
v -4.000000 -0.000000 -0.019997
v -3.000000 0.000000 0.020004
v -3.500000 0.000000 0.020003
v -3.000000 -0.000000 -0.019997
v -3.500000 -0.000000 -0.019997
v -2.500000 0.000000 0.020004
v -3.000000 0.000000 0.020004
v -2.500000 -0.000000 -0.019997
v -3.000000 -0.000000 -0.019997
v -2.000000 0.000000 0.020004
v -2.500000 0.000000 0.020004
v -2.000000 -0.000000 -0.019997
v -2.500000 -0.000000 -0.019997
v -1.500000 0.000000 0.020004
v -2.000000 0.000000 0.020004
v -1.500000 -0.000000 -0.019997
v -2.000000 -0.000000 -0.019997
v -1.000000 0.000000 0.020004
v -1.500000 0.000000 0.020004
v -1.000000 -0.000000 -0.019997
v -1.500000 -0.000000 -0.019997
v -0.499999 0.000000 0.020004
v -1.000000 0.000000 0.020004
v -0.499999 -0.000000 -0.019996
v -1.000000 -0.000000 -0.019997
v 0.000000 0.000000 0.020004
v -0.499999 0.000000 0.020004
v 0.000000 -0.000000 -0.019996
v -0.499999 -0.000000 -0.019996
v 0.500000 0.000000 0.020004
v 0.000000 0.000000 0.020004
v 0.500000 -0.000000 -0.019996
v 0.000000 -0.000000 -0.019996
v 1.000000 0.000000 0.020004
v 0.500000 0.000000 0.020004
v 1.000000 -0.000000 -0.019996
v 0.500000 -0.000000 -0.019996
v 1.500000 0.000000 0.020004
v 1.000000 0.000000 0.020004
v 1.500000 -0.000000 -0.019996
v 1.000000 -0.000000 -0.019996
v 2.000000 0.000000 0.020004
v 1.500000 0.000000 0.020004
v 2.000000 -0.000000 -0.019996
v 1.500000 -0.000000 -0.019996
v 2.500000 0.000000 0.020004
v 2.000000 0.000000 0.020004
v 2.500000 -0.000000 -0.019996
v 2.000000 -0.000000 -0.019996
v 3.000000 0.000000 0.020004
v 2.500000 0.000000 0.020004
v 3.000000 -0.000000 -0.019996
v 2.500000 -0.000000 -0.019996
v 3.500000 0.000000 0.020005
v 3.000000 0.000000 0.020004
v 3.500000 -0.000000 -0.019996
v 3.000000 -0.000000 -0.019996
v 4.000000 0.000000 0.020005
v 3.500000 0.000000 0.020005
v 4.000000 -0.000000 -0.019996
v 3.500000 -0.000000 -0.019996
v 4.500000 0.000000 0.020005
v 4.000000 0.000000 0.020005
v 4.500000 -0.000000 -0.019996
v 4.000000 -0.000000 -0.019996
v 5.000000 0.000000 0.020005
v 4.500000 0.000000 0.020005
v 5.000000 -0.000000 -0.019996
v 4.500000 -0.000000 -0.019996
v 0.020000 0.000000 4.500003
v 0.020000 0.000000 5.000003
v -0.020002 0.000000 4.500003
v -0.020002 0.000000 5.000003
v 0.020000 0.000000 4.000004
v 0.020000 0.000000 4.500003
v -0.020001 0.000000 4.000004
v -0.020002 0.000000 4.500003
v 0.020000 0.000000 3.500004
v 0.020000 0.000000 4.000004
v -0.020001 0.000000 3.500004
v -0.020001 0.000000 4.000004
v 0.020000 0.000000 3.000004
v 0.020000 0.000000 3.500004
v -0.020001 0.000000 3.000004
v -0.020001 0.000000 3.500004
v 0.020000 0.000000 2.500004
v 0.020000 0.000000 3.000004
v -0.020001 0.000000 2.500004
v -0.020001 0.000000 3.000004
v 0.020000 0.000000 2.000004
v 0.020000 0.000000 2.500004
v -0.020001 0.000000 2.000004
v -0.020001 0.000000 2.500004
v 0.020000 0.000000 1.500003
v 0.020000 0.000000 2.000004
v -0.020001 0.000000 1.500003
v -0.020001 0.000000 2.000004
v 0.020001 0.000000 1.000003
v 0.020000 0.000000 1.500003
v -0.020001 0.000000 1.000003
v -0.020001 0.000000 1.500003
v 0.020001 0.000000 0.500004
v 0.020001 0.000000 1.000003
v -0.020001 0.000000 0.500004
v -0.020001 0.000000 1.000003
v 0.020001 0.000000 0.000004
v 0.020001 0.000000 0.500004
v -0.020001 0.000000 0.000004
v -0.020001 0.000000 0.500004
v 0.020001 -0.000000 -0.499997
v 0.020001 0.000000 0.000004
v -0.020000 -0.000000 -0.499997
v -0.020001 0.000000 0.000004
v 0.020001 -0.000000 -0.999996
v 0.020001 -0.000000 -0.499997
v -0.020000 -0.000000 -0.999996
v -0.020000 -0.000000 -0.499997
v 0.020001 -0.000000 -1.499997
v 0.020001 -0.000000 -0.999996
v -0.020000 -0.000000 -1.499997
v -0.020000 -0.000000 -0.999996
v 0.020001 -0.000000 -1.999997
v 0.020001 -0.000000 -1.499997
v -0.020000 -0.000000 -1.999997
v -0.020000 -0.000000 -1.499997
v 0.020001 -0.000000 -2.499996
v 0.020001 -0.000000 -1.999997
v -0.020000 -0.000000 -2.499996
v -0.020000 -0.000000 -1.999997
v 0.020001 -0.000000 -2.999996
v 0.020001 -0.000000 -2.499996
v -0.020000 -0.000000 -2.999996
v -0.020000 -0.000000 -2.499996
v 0.020002 -0.000000 -3.499996
v 0.020001 -0.000000 -2.999996
v -0.020000 -0.000000 -3.499996
v -0.020000 -0.000000 -2.999996
v 0.020002 -0.000000 -3.999997
v 0.020002 -0.000000 -3.499996
v -0.020000 -0.000000 -3.999996
v -0.020000 -0.000000 -3.499996
v 0.020002 -0.000000 -4.499997
v 0.020002 -0.000000 -3.999997
v -0.019999 -0.000000 -4.499997
v -0.020000 -0.000000 -3.999996
v 0.020002 -0.000000 -4.999997
v 0.020002 -0.000000 -4.499997
v -0.019999 -0.000000 -4.999997
v -0.019999 -0.000000 -4.499997
v 5.020000 0.000000 4.500003
v 5.020000 0.000000 5.000003
v 4.979999 0.000000 4.500003
v 4.979999 0.000000 5.000003
v 5.019999 0.000000 4.000004
v 5.020000 0.000000 4.500003
v 4.979999 0.000000 4.000004
v 4.979999 0.000000 4.500003
v 5.020000 0.000000 3.500004
v 5.019999 0.000000 4.000004
v 4.979999 0.000000 3.500004
v 4.979999 0.000000 4.000004
v 5.020000 0.000000 3.000004
v 5.020000 0.000000 3.500004
v 4.980000 0.000000 3.000004
v 4.979999 0.000000 3.500004
v 5.020000 0.000000 2.500004
v 5.020000 0.000000 3.000004
v 4.980000 0.000000 2.500004
v 4.980000 0.000000 3.000004
v 5.020000 0.000000 2.000004
v 5.020000 0.000000 2.500004
v 4.980000 0.000000 2.000004
v 4.980000 0.000000 2.500004
v 5.020000 0.000000 1.500003
v 5.020000 0.000000 2.000004
v 4.980000 0.000000 1.500003
v 4.980000 0.000000 2.000004
v 5.020000 0.000000 1.000003
v 5.020000 0.000000 1.500003
v 4.980000 0.000000 1.000003
v 4.980000 0.000000 1.500003
v 5.020000 0.000000 0.500004
v 5.020000 0.000000 1.000003
v 4.980000 0.000000 0.500004
v 4.980000 0.000000 1.000003
v 5.020000 0.000000 0.000004
v 5.020000 0.000000 0.500004
v 4.980000 0.000000 0.000004
v 4.980000 0.000000 0.500004
v 5.020000 -0.000000 -0.499997
v 5.020000 0.000000 0.000004
v 4.980000 -0.000000 -0.499997
v 4.980000 0.000000 0.000004
v 5.020000 -0.000000 -0.999996
v 5.020000 -0.000000 -0.499997
v 4.980000 -0.000000 -0.999996
v 4.980000 -0.000000 -0.499997
v 5.020001 -0.000000 -1.499997
v 5.020000 -0.000000 -0.999996
v 4.980000 -0.000000 -1.499997
v 4.980000 -0.000000 -0.999996
v 5.020001 -0.000000 -1.999997
v 5.020001 -0.000000 -1.499997
v 4.980000 -0.000000 -1.999997
v 4.980000 -0.000000 -1.499997
v 5.020001 -0.000000 -2.499996
v 5.020001 -0.000000 -1.999997
v 4.980000 -0.000000 -2.499996
v 4.980000 -0.000000 -1.999997
v 5.020001 -0.000000 -2.999996
v 5.020001 -0.000000 -2.499996
v 4.980000 -0.000000 -2.999996
v 4.980000 -0.000000 -2.499996
v 5.020002 -0.000000 -3.499996
v 5.020001 -0.000000 -2.999996
v 4.980001 -0.000000 -3.499996
v 4.980000 -0.000000 -2.999996
v 5.020002 -0.000000 -3.999997
v 5.020002 -0.000000 -3.499996
v 4.980000 -0.000000 -3.999996
v 4.980001 -0.000000 -3.499996
v 5.020002 -0.000000 -4.499997
v 5.020002 -0.000000 -3.999997
v 4.980001 -0.000000 -4.499997
v 4.980000 -0.000000 -3.999996
v 5.020002 -0.000000 -4.999997
v 5.020002 -0.000000 -4.499997
v 4.980001 -0.000000 -4.999997
v 4.980001 -0.000000 -4.499997
v 4.500002 0.000000 4.980001
v 5.000002 0.000000 4.980001
v 4.500002 0.000000 5.020002
v 5.000002 0.000000 5.020002
v 4.000002 0.000000 4.980001
v 4.500002 0.000000 4.980001
v 4.000002 0.000000 5.020002
v 4.500002 0.000000 5.020002
v 3.500002 0.000000 4.980001
v 4.000002 0.000000 4.980001
v 3.500002 0.000000 5.020002
v 4.000002 0.000000 5.020002
v 3.000002 0.000000 4.980000
v 3.500002 0.000000 4.980001
v 3.000002 0.000000 5.020001
v 3.500002 0.000000 5.020002
v 2.500002 0.000000 4.980000
v 3.000002 0.000000 4.980000
v 2.500002 0.000000 5.020001
v 3.000002 0.000000 5.020001
v 2.000002 0.000000 4.980000
v 2.500002 0.000000 4.980000
v 2.000002 0.000000 5.020001
v 2.500002 0.000000 5.020001
v 1.500003 0.000000 4.980000
v 2.000002 0.000000 4.980000
v 1.500003 0.000000 5.020001
v 2.000002 0.000000 5.020001
v 1.000003 0.000000 4.980000
v 1.500003 0.000000 4.980000
v 1.000003 0.000000 5.020001
v 1.500003 0.000000 5.020001
v 0.500003 0.000000 4.980000
v 1.000003 0.000000 4.980000
v 0.500003 0.000000 5.020001
v 1.000003 0.000000 5.020001
v 0.000002 0.000000 4.980000
v 0.500003 0.000000 4.980000
v 0.000002 0.000000 5.020001
v 0.500003 0.000000 5.020001
v -0.499997 0.000000 4.980000
v 0.000002 0.000000 4.980000
v -0.499997 0.000000 5.020001
v 0.000002 0.000000 5.020001
v -0.999997 0.000000 4.980000
v -0.499997 0.000000 4.980000
v -0.999997 0.000000 5.020000
v -0.499997 0.000000 5.020001
v -1.499997 0.000000 4.980000
v -0.999997 0.000000 4.980000
v -1.499997 0.000000 5.020000
v -0.999997 0.000000 5.020000
v -1.999997 0.000000 4.980000
v -1.499997 0.000000 4.980000
v -1.999997 0.000000 5.020000
v -1.499997 0.000000 5.020000
v -2.499998 0.000000 4.980000
v -1.999997 0.000000 4.980000
v -2.499998 0.000000 5.020000
v -1.999997 0.000000 5.020000
v -2.999998 0.000000 4.980000
v -2.499998 0.000000 4.980000
v -2.999998 0.000000 5.020000
v -2.499998 0.000000 5.020000
v -3.499998 0.000000 4.979998
v -2.999998 0.000000 4.980000
v -3.499998 0.000000 5.019999
v -2.999998 0.000000 5.020000
v -3.999999 0.000000 4.979998
v -3.499998 0.000000 4.979998
v -3.999998 0.000000 5.020000
v -3.499998 0.000000 5.019999
v -4.499998 0.000000 4.979998
v -3.999999 0.000000 4.979998
v -4.499998 0.000000 5.019999
v -3.999998 0.000000 5.020000
v -4.999998 0.000000 4.979998
v -4.499998 0.000000 4.979998
v -4.999998 0.000000 5.019999
v -4.499998 0.000000 5.019999
v -4.510000 -0.000000 -4.500000
v -4.510000 -0.000000 -5.000000
v -4.490000 -0.000000 -4.500000
v -4.490000 -0.000000 -5.000000
v -4.010000 -0.000000 -4.500000
v -4.010001 -0.000000 -5.000000
v -3.990000 -0.000000 -4.500000
v -3.990000 -0.000000 -5.000000
v -3.510001 -0.000000 -4.500000
v -3.510001 -0.000000 -5.000000
v -3.490001 -0.000000 -4.500000
v -3.490001 -0.000000 -5.000000
v -3.010001 -0.000000 -4.500000
v -3.010001 -0.000000 -5.000000
v -2.990001 -0.000000 -4.500000
v -2.990001 -0.000000 -5.000000
v -2.510002 -0.000000 -4.500000
v -2.510002 -0.000000 -5.000000
v -2.490002 -0.000000 -4.500000
v -2.490002 -0.000000 -5.000000
v -2.010003 -0.000000 -4.500000
v -2.010003 -0.000000 -5.000000
v -1.990003 -0.000000 -4.500000
v -1.990003 -0.000000 -5.000000
v -1.510003 -0.000000 -4.500000
v -1.510003 -0.000000 -5.000000
v -1.490003 -0.000000 -4.500000
v -1.490003 -0.000000 -5.000000
v -1.010003 -0.000000 -4.500000
v -1.010003 -0.000000 -5.000000
v -0.990004 -0.000000 -4.500000
v -0.990004 -0.000000 -5.000000
v -0.510004 -0.000000 -4.500000
v -0.510004 -0.000000 -5.000000
v -0.490003 -0.000000 -4.500000
v -0.490003 -0.000000 -5.000000
v -4.510000 -0.000000 -4.000000
v -4.510000 -0.000000 -4.500000
v -4.490000 -0.000000 -4.000000
v -4.490000 -0.000000 -4.500000
v -4.010000 -0.000000 -4.000000
v -4.010000 -0.000000 -4.500000
v -3.990000 -0.000000 -4.000000
v -3.990000 -0.000000 -4.500000
v -3.510001 -0.000000 -4.000000
v -3.510001 -0.000000 -4.500000
v -3.490001 -0.000000 -4.000000
v -3.490001 -0.000000 -4.500000
v -3.010001 -0.000000 -4.000000
v -3.010001 -0.000000 -4.500000
v -2.990001 -0.000000 -4.000000
v -2.990001 -0.000000 -4.500000
v -2.510002 -0.000000 -4.000000
v -2.510002 -0.000000 -4.500000
v -2.490002 -0.000000 -4.000000
v -2.490002 -0.000000 -4.500000
v -2.010003 -0.000000 -4.000000
v -2.010003 -0.000000 -4.500000
v -1.990003 -0.000000 -4.000000
v -1.990003 -0.000000 -4.500000
v -1.510003 -0.000000 -4.000000
v -1.510003 -0.000000 -4.500000
v -1.490003 -0.000000 -4.000000
v -1.490003 -0.000000 -4.500000
v -1.010003 -0.000000 -4.000000
v -1.010003 -0.000000 -4.500000
v -0.990004 -0.000000 -4.000000
v -0.990004 -0.000000 -4.500000
v -0.510004 -0.000000 -4.000000
v -0.510004 -0.000000 -4.500000
v -0.490004 -0.000000 -4.000000
v -0.490003 -0.000000 -4.500000
v -4.510000 -0.000000 -3.500000
v -4.510000 -0.000000 -4.000000
v -4.490000 -0.000000 -3.500000
v -4.490000 -0.000000 -4.000000
v -4.010000 -0.000000 -3.500000
v -4.010000 -0.000000 -4.000000
v -3.990000 -0.000000 -3.500000
v -3.990000 -0.000000 -4.000000
v -3.510001 -0.000000 -3.500000
v -3.510001 -0.000000 -4.000000
v -3.490001 -0.000000 -3.500000
v -3.490001 -0.000000 -4.000000
v -3.010001 -0.000000 -3.500000
v -3.010001 -0.000000 -4.000000
v -2.990001 -0.000000 -3.500000
v -2.990001 -0.000000 -4.000000
v -2.510002 -0.000000 -3.500000
v -2.510002 -0.000000 -4.000000
v -2.490002 -0.000000 -3.500000
v -2.490002 -0.000000 -4.000000
v -2.010003 -0.000000 -3.500000
v -2.010003 -0.000000 -4.000000
v -1.990003 -0.000000 -3.500000
v -1.990003 -0.000000 -4.000000
v -1.510003 -0.000000 -3.500000
v -1.510003 -0.000000 -4.000000
v -1.490003 -0.000000 -3.500000
v -1.490003 -0.000000 -4.000000
v -1.010003 -0.000000 -3.500000
v -1.010003 -0.000000 -4.000000
v -0.990004 -0.000000 -3.500000
v -0.990004 -0.000000 -4.000000
v -0.510004 -0.000000 -3.500000
v -0.510004 -0.000000 -4.000000
v -0.490004 -0.000000 -3.500000
v -0.490004 -0.000000 -4.000000
v -4.510000 -0.000000 -3.000000
v -4.510000 -0.000000 -3.500000
v -4.490000 -0.000000 -3.000000
v -4.490000 -0.000000 -3.500000
v -4.010001 -0.000000 -3.000000
v -4.010000 -0.000000 -3.500000
v -3.990000 -0.000000 -3.000000
v -3.990000 -0.000000 -3.500000
v -3.510001 -0.000000 -3.000000
v -3.510001 -0.000000 -3.500000
v -3.490001 -0.000000 -3.000000
v -3.490001 -0.000000 -3.500000
v -3.010001 -0.000000 -3.000000
v -3.010001 -0.000000 -3.500000
v -2.990001 -0.000000 -3.000000
v -2.990001 -0.000000 -3.500000
v -2.510002 -0.000000 -3.000000
v -2.510002 -0.000000 -3.500000
v -2.490002 -0.000000 -3.000000
v -2.490002 -0.000000 -3.500000
v -2.010003 -0.000000 -3.000000
v -2.010003 -0.000000 -3.500000
v -1.990003 -0.000000 -3.000000
v -1.990003 -0.000000 -3.500000
v -1.510003 -0.000000 -3.000000
v -1.510003 -0.000000 -3.500000
v -1.490003 -0.000000 -3.000000
v -1.490003 -0.000000 -3.500000
v -1.010003 -0.000000 -3.000000
v -1.010003 -0.000000 -3.500000
v -0.990004 -0.000000 -3.000000
v -0.990004 -0.000000 -3.500000
v -0.510004 -0.000000 -3.000000
v -0.510004 -0.000000 -3.500000
v -0.490004 -0.000000 -3.000000
v -0.490004 -0.000000 -3.500000
v -4.510000 -0.000000 -2.500000
v -4.510000 -0.000000 -3.000000
v -4.490000 -0.000000 -2.500000
v -4.490000 -0.000000 -3.000000
v -4.010001 -0.000000 -2.500000
v -4.010001 -0.000000 -3.000000
v -3.990000 -0.000000 -2.500000
v -3.990000 -0.000000 -3.000000
v -3.510001 -0.000000 -2.500000
v -3.510001 -0.000000 -3.000000
v -3.490001 -0.000000 -2.500000
v -3.490001 -0.000000 -3.000000
v -3.010001 -0.000000 -2.500000
v -3.010001 -0.000000 -3.000000
v -2.990001 -0.000000 -2.500000
v -2.990001 -0.000000 -3.000000
v -2.510002 -0.000000 -2.500000
v -2.510002 -0.000000 -3.000000
v -2.490002 -0.000000 -2.500000
v -2.490002 -0.000000 -3.000000
v -2.010003 -0.000000 -2.500000
v -2.010003 -0.000000 -3.000000
v -1.990003 -0.000000 -2.500000
v -1.990003 -0.000000 -3.000000
v -1.510003 -0.000000 -2.500000
v -1.510003 -0.000000 -3.000000
v -1.490003 -0.000000 -2.500000
v -1.490003 -0.000000 -3.000000
v -1.010003 -0.000000 -2.500000
v -1.010003 -0.000000 -3.000000
v -0.990004 -0.000000 -2.500000
v -0.990004 -0.000000 -3.000000
v -0.510004 -0.000000 -2.500000
v -0.510004 -0.000000 -3.000000
v -0.490004 -0.000000 -2.500000
v -0.490004 -0.000000 -3.000000
v -4.510000 -0.000000 -2.000000
v -4.510000 -0.000000 -2.500000
v -4.490000 -0.000000 -2.000000
v -4.490000 -0.000000 -2.500000
v -4.010001 -0.000000 -2.000000
v -4.010001 -0.000000 -2.500000
v -3.990000 -0.000000 -2.000000
v -3.990000 -0.000000 -2.500000
v -3.510001 -0.000000 -2.000000
v -3.510001 -0.000000 -2.500000
v -3.490001 -0.000000 -2.000000
v -3.490001 -0.000000 -2.500000
v -3.010001 -0.000000 -2.000000
v -3.010001 -0.000000 -2.500000
v -2.990001 -0.000000 -2.000000
v -2.990001 -0.000000 -2.500000
v -2.510002 -0.000000 -2.000000
v -2.510002 -0.000000 -2.500000
v -2.490002 -0.000000 -2.000000
v -2.490002 -0.000000 -2.500000
v -2.010003 -0.000000 -2.000000
v -2.010003 -0.000000 -2.500000
v -1.990003 -0.000000 -2.000000
v -1.990003 -0.000000 -2.500000
v -1.510003 -0.000000 -2.000000
v -1.510003 -0.000000 -2.500000
v -1.490003 -0.000000 -2.000000
v -1.490003 -0.000000 -2.500000
v -1.010003 -0.000000 -2.000000
v -1.010003 -0.000000 -2.500000
v -0.990004 -0.000000 -2.000000
v -0.990004 -0.000000 -2.500000
v -0.510004 -0.000000 -2.000000
v -0.510004 -0.000000 -2.500000
v -0.490004 -0.000000 -2.000000
v -0.490004 -0.000000 -2.500000
v -4.510000 -0.000000 -1.500000
v -4.510000 -0.000000 -2.000000
v -4.490000 -0.000000 -1.500000
v -4.490000 -0.000000 -2.000000
v -4.010001 -0.000000 -1.500000
v -4.010001 -0.000000 -2.000000
v -3.990001 -0.000000 -1.500000
v -3.990000 -0.000000 -2.000000
v -3.510001 -0.000000 -1.500000
v -3.510001 -0.000000 -2.000000
v -3.490001 -0.000000 -1.500000
v -3.490001 -0.000000 -2.000000
v -3.010001 -0.000000 -1.500000
v -3.010001 -0.000000 -2.000000
v -2.990001 -0.000000 -1.500000
v -2.990001 -0.000000 -2.000000
v -2.510002 -0.000000 -1.500000
v -2.510002 -0.000000 -2.000000
v -2.490002 -0.000000 -1.500000
v -2.490002 -0.000000 -2.000000
v -2.010003 -0.000000 -1.500000
v -2.010003 -0.000000 -2.000000
v -1.990003 -0.000000 -1.500000
v -1.990003 -0.000000 -2.000000
v -1.510003 -0.000000 -1.500000
v -1.510003 -0.000000 -2.000000
v -1.490003 -0.000000 -1.500000
v -1.490003 -0.000000 -2.000000
v -1.010003 -0.000000 -1.500000
v -1.010003 -0.000000 -2.000000
v -0.990004 -0.000000 -1.500000
v -0.990004 -0.000000 -2.000000
v -0.510004 -0.000000 -1.500000
v -0.510004 -0.000000 -2.000000
v -0.490003 -0.000000 -1.500000
v -0.490004 -0.000000 -2.000000
v -4.510000 -0.000000 -1.000000
v -4.510000 -0.000000 -1.500000
v -4.490000 -0.000000 -1.000000
v -4.490000 -0.000000 -1.500000
v -4.010001 -0.000000 -1.000000
v -4.010001 -0.000000 -1.500000
v -3.990001 -0.000000 -1.000000
v -3.990001 -0.000000 -1.500000
v -3.510001 -0.000000 -1.000000
v -3.510001 -0.000000 -1.500000
v -3.490001 -0.000000 -1.000000
v -3.490001 -0.000000 -1.500000
v -3.010001 -0.000000 -1.000000
v -3.010001 -0.000000 -1.500000
v -2.990001 -0.000000 -1.000000
v -2.990001 -0.000000 -1.500000
v -2.510002 -0.000000 -1.000000
v -2.510002 -0.000000 -1.500000
v -2.490002 -0.000000 -1.000000
v -2.490002 -0.000000 -1.500000
v -2.010003 -0.000000 -1.000000
v -2.010003 -0.000000 -1.500000
v -1.990003 -0.000000 -1.000000
v -1.990003 -0.000000 -1.500000
v -1.510003 -0.000000 -1.000000
v -1.510003 -0.000000 -1.500000
v -1.490003 -0.000000 -1.000000
v -1.490003 -0.000000 -1.500000
v -1.010003 -0.000000 -1.000000
v -1.010003 -0.000000 -1.500000
v -0.990004 -0.000000 -1.000000
v -0.990004 -0.000000 -1.500000
v -0.510004 -0.000000 -1.000000
v -0.510004 -0.000000 -1.500000
v -0.490003 -0.000000 -1.000000
v -0.490003 -0.000000 -1.500000
v -4.510000 -0.000000 -0.500000
v -4.510000 -0.000000 -1.000000
v -4.490000 -0.000000 -0.500000
v -4.490000 -0.000000 -1.000000
v -4.010001 -0.000000 -0.500000
v -4.010001 -0.000000 -1.000000
v -3.990001 -0.000000 -0.500000
v -3.990001 -0.000000 -1.000000
v -3.510001 -0.000000 -0.500000
v -3.510001 -0.000000 -1.000000
v -3.490001 -0.000000 -0.500000
v -3.490001 -0.000000 -1.000000
v -3.010001 -0.000000 -0.500000
v -3.010001 -0.000000 -1.000000
v -2.990001 -0.000000 -0.500000
v -2.990001 -0.000000 -1.000000
v -2.510002 -0.000000 -0.499999
v -2.510002 -0.000000 -1.000000
v -2.490002 -0.000000 -0.499999
v -2.490002 -0.000000 -1.000000
v -2.010003 -0.000000 -0.499999
v -2.010003 -0.000000 -1.000000
v -1.990003 -0.000000 -0.499999
v -1.990003 -0.000000 -1.000000
v -1.510003 -0.000000 -0.499999
v -1.510003 -0.000000 -1.000000
v -1.490003 -0.000000 -0.499999
v -1.490003 -0.000000 -1.000000
v -1.010003 -0.000000 -0.500000
v -1.010003 -0.000000 -1.000000
v -0.990004 -0.000000 -0.500000
v -0.990004 -0.000000 -1.000000
v -0.510004 -0.000000 -0.500000
v -0.510004 -0.000000 -1.000000
v -0.490003 -0.000000 -0.500000
v -0.490003 -0.000000 -1.000000
v -4.510000 0.000000 0.000000
v -4.510000 -0.000000 -0.500000
v -4.490000 0.000000 0.000000
v -4.490000 -0.000000 -0.500000
v -4.010001 0.000000 0.000000
v -4.010001 -0.000000 -0.500000
v -3.990001 0.000000 0.000000
v -3.990001 -0.000000 -0.500000
v -3.510001 0.000000 0.000000
v -3.510001 -0.000000 -0.500000
v -3.490001 0.000000 0.000000
v -3.490001 -0.000000 -0.500000
v -3.010001 0.000000 0.000000
v -3.010001 -0.000000 -0.500000
v -2.990001 0.000000 0.000000
v -2.990001 -0.000000 -0.500000
v -2.510002 0.000000 0.000000
v -2.510002 -0.000000 -0.499999
v -2.490002 0.000000 0.000000
v -2.490002 -0.000000 -0.499999
v -2.010003 0.000000 0.000000
v -2.010003 -0.000000 -0.499999
v -1.990003 0.000000 0.000000
v -1.990003 -0.000000 -0.499999
v -1.510003 0.000000 0.000000
v -1.510003 -0.000000 -0.499999
v -1.490003 0.000000 0.000000
v -1.490003 -0.000000 -0.499999
v -1.010003 0.000000 0.000000
v -1.010003 -0.000000 -0.500000
v -0.990004 0.000000 0.000000
v -0.990004 -0.000000 -0.500000
v -0.510004 0.000000 0.000000
v -0.510004 -0.000000 -0.500000
v -0.490003 0.000000 0.000000
v -0.490003 -0.000000 -0.500000
v -4.510000 0.000000 0.500000
v -4.510000 0.000000 0.000000
v -4.490000 0.000000 0.500000
v -4.490000 0.000000 0.000000
v -4.010001 0.000000 0.500000
v -4.010001 0.000000 0.000000
v -3.990000 0.000000 0.500000
v -3.990001 0.000000 0.000000
v -3.510001 0.000000 0.500000
v -3.510001 0.000000 0.000000
v -3.490001 0.000000 0.500000
v -3.490001 0.000000 0.000000
v -3.010001 0.000000 0.500000
v -3.010001 0.000000 0.000000
v -2.990001 0.000000 0.500000
v -2.990001 0.000000 0.000000
v -2.510002 0.000000 0.500000
v -2.510002 0.000000 0.000000
v -2.490002 0.000000 0.500000
v -2.490002 0.000000 0.000000
v -2.010003 0.000000 0.500000
v -2.010003 0.000000 0.000000
v -1.990003 0.000000 0.500000
v -1.990003 0.000000 0.000000
v -1.510003 0.000000 0.500000
v -1.510003 0.000000 0.000000
v -1.490003 0.000000 0.500000
v -1.490003 0.000000 0.000000
v -1.010003 0.000000 0.500000
v -1.010003 0.000000 0.000000
v -0.990004 0.000000 0.500000
v -0.990004 0.000000 0.000000
v -0.510004 0.000000 0.500000
v -0.510004 0.000000 0.000000
v -0.490003 0.000000 0.500000
v -0.490003 0.000000 0.000000
v -4.510000 0.000000 1.000000
v -4.510000 0.000000 0.500000
v -4.490000 0.000000 1.000000
v -4.490000 0.000000 0.500000
v -4.010001 0.000000 1.000000
v -4.010001 0.000000 0.500000
v -3.990000 0.000000 1.000000
v -3.990000 0.000000 0.500000
v -3.510001 0.000000 1.000000
v -3.510001 0.000000 0.500000
v -3.490001 0.000000 1.000000
v -3.490001 0.000000 0.500000
v -3.010001 0.000000 1.000000
v -3.010001 0.000000 0.500000
v -2.990001 0.000000 1.000000
v -2.990001 0.000000 0.500000
v -2.510002 0.000000 1.000000
v -2.510002 0.000000 0.500000
v -2.490002 0.000000 1.000000
v -2.490002 0.000000 0.500000
v -2.010003 0.000000 1.000000
v -2.010003 0.000000 0.500000
v -1.990003 0.000000 1.000000
v -1.990003 0.000000 0.500000
v -1.510003 0.000000 1.000000
v -1.510003 0.000000 0.500000
v -1.490003 0.000000 1.000000
v -1.490003 0.000000 0.500000
v -1.010003 0.000000 1.000000
v -1.010003 0.000000 0.500000
v -0.990004 0.000000 1.000000
v -0.990004 0.000000 0.500000
v -0.510004 0.000000 1.000000
v -0.510004 0.000000 0.500000
v -0.490003 0.000000 1.000000
v -0.490003 0.000000 0.500000
v -4.510000 0.000000 1.500000
v -4.510000 0.000000 1.000000
v -4.490000 0.000000 1.500000
v -4.490000 0.000000 1.000000
v -4.010000 0.000000 1.500000
v -4.010001 0.000000 1.000000
v -3.990000 0.000000 1.500000
v -3.990000 0.000000 1.000000
v -3.510001 0.000000 1.500000
v -3.510001 0.000000 1.000000
v -3.490001 0.000000 1.500000
v -3.490001 0.000000 1.000000
v -3.010001 0.000000 1.500000
v -3.010001 0.000000 1.000000
v -2.990001 0.000000 1.500000
v -2.990001 0.000000 1.000000
v -2.510002 0.000000 1.500000
v -2.510002 0.000000 1.000000
v -2.490002 0.000000 1.500000
v -2.490002 0.000000 1.000000
v -2.010003 0.000000 1.500000
v -2.010003 0.000000 1.000000
v -1.990003 0.000000 1.500000
v -1.990003 0.000000 1.000000
v -1.510003 0.000000 1.500000
v -1.510003 0.000000 1.000000
v -1.490003 0.000000 1.500000
v -1.490003 0.000000 1.000000
v -1.010003 0.000000 1.500000
v -1.010003 0.000000 1.000000
v -0.990004 0.000000 1.500000
v -0.990004 0.000000 1.000000
v -0.510004 0.000000 1.500000
v -0.510004 0.000000 1.000000
v -0.490003 0.000000 1.500000
v -0.490003 0.000000 1.000000
v -4.510000 0.000000 2.000000
v -4.510000 0.000000 1.500000
v -4.490000 0.000000 2.000000
v -4.490000 0.000000 1.500000
v -4.010000 0.000000 2.000000
v -4.010000 0.000000 1.500000
v -3.990000 0.000000 2.000000
v -3.990000 0.000000 1.500000
v -3.510001 0.000000 2.000000
v -3.510001 0.000000 1.500000
v -3.490001 0.000000 2.000000
v -3.490001 0.000000 1.500000
v -3.010001 0.000000 2.000000
v -3.010001 0.000000 1.500000
v -2.990001 0.000000 2.000000
v -2.990001 0.000000 1.500000
v -2.510002 0.000000 2.000000
v -2.510002 0.000000 1.500000
v -2.490002 0.000000 2.000000
v -2.490002 0.000000 1.500000
v -2.010003 0.000000 2.000000
v -2.010003 0.000000 1.500000
v -1.990003 0.000000 2.000000
v -1.990003 0.000000 1.500000
v -1.510003 0.000000 2.000000
v -1.510003 0.000000 1.500000
v -1.490003 0.000000 2.000000
v -1.490003 0.000000 1.500000
v -1.010003 0.000000 2.000000
v -1.010003 0.000000 1.500000
v -0.990004 0.000000 2.000000
v -0.990004 0.000000 1.500000
v -0.510004 0.000000 2.000000
v -0.510004 0.000000 1.500000
v -0.490003 0.000000 2.000000
v -0.490003 0.000000 1.500000
v -4.510000 0.000000 2.500000
v -4.510000 0.000000 2.000000
v -4.490000 0.000000 2.500000
v -4.490000 0.000000 2.000000
v -4.010000 0.000000 2.500000
v -4.010000 0.000000 2.000000
v -3.990000 0.000000 2.500000
v -3.990000 0.000000 2.000000
v -3.510001 0.000000 2.500000
v -3.510001 0.000000 2.000000
v -3.490001 0.000000 2.500000
v -3.490001 0.000000 2.000000
v -3.010001 0.000000 2.500000
v -3.010001 0.000000 2.000000
v -2.990001 0.000000 2.500000
v -2.990001 0.000000 2.000000
v -2.510002 0.000000 2.500000
v -2.510002 0.000000 2.000000
v -2.490002 0.000000 2.500000
v -2.490002 0.000000 2.000000
v -2.010003 0.000000 2.500000
v -2.010003 0.000000 2.000000
v -1.990003 0.000000 2.500000
v -1.990003 0.000000 2.000000
v -1.510003 0.000000 2.500000
v -1.510003 0.000000 2.000000
v -1.490003 0.000000 2.500000
v -1.490003 0.000000 2.000000
v -1.010003 0.000000 2.500000
v -1.010003 0.000000 2.000000
v -0.990004 0.000000 2.500000
v -0.990004 0.000000 2.000000
v -0.510004 0.000000 2.500000
v -0.510004 0.000000 2.000000
v -0.490004 0.000000 2.500000
v -0.490003 0.000000 2.000000
v -4.510000 0.000000 3.000000
v -4.510000 0.000000 2.500000
v -4.490000 0.000000 3.000000
v -4.490000 0.000000 2.500000
v -4.010000 0.000000 3.000000
v -4.010000 0.000000 2.500000
v -3.990000 0.000000 3.000000
v -3.990000 0.000000 2.500000
v -3.510001 0.000000 3.000000
v -3.510001 0.000000 2.500000
v -3.490001 0.000000 3.000000
v -3.490001 0.000000 2.500000
v -3.010001 0.000000 3.000000
v -3.010001 0.000000 2.500000
v -2.990001 0.000000 3.000000
v -2.990001 0.000000 2.500000
v -2.510002 0.000000 3.000000
v -2.510002 0.000000 2.500000
v -2.490002 0.000000 3.000000
v -2.490002 0.000000 2.500000
v -2.010003 0.000000 3.000000
v -2.010003 0.000000 2.500000
v -1.990003 0.000000 3.000000
v -1.990003 0.000000 2.500000
v -1.510003 0.000000 3.000000
v -1.510003 0.000000 2.500000
v -1.490003 0.000000 3.000000
v -1.490003 0.000000 2.500000
v -1.010003 0.000000 3.000000
v -1.010003 0.000000 2.500000
v -0.990004 0.000000 3.000000
v -0.990004 0.000000 2.500000
v -0.510004 0.000000 3.000000
v -0.510004 0.000000 2.500000
v -0.490004 0.000000 3.000000
v -0.490004 0.000000 2.500000
v -4.510000 0.000000 3.500000
v -4.510000 0.000000 3.000000
v -4.490000 0.000000 3.500000
v -4.490000 0.000000 3.000000
v -4.010001 0.000000 3.500000
v -4.010000 0.000000 3.000000
v -3.990000 0.000000 3.500000
v -3.990000 0.000000 3.000000
v -3.510001 0.000000 3.500000
v -3.510001 0.000000 3.000000
v -3.490001 0.000000 3.500000
v -3.490001 0.000000 3.000000
v -3.010001 0.000000 3.500000
v -3.010001 0.000000 3.000000
v -2.990001 0.000000 3.500000
v -2.990001 0.000000 3.000000
v -2.510002 0.000000 3.500000
v -2.510002 0.000000 3.000000
v -2.490002 0.000000 3.500000
v -2.490002 0.000000 3.000000
v -2.010003 0.000000 3.500000
v -2.010003 0.000000 3.000000
v -1.990003 0.000000 3.500000
v -1.990003 0.000000 3.000000
v -1.510003 0.000000 3.500000
v -1.510003 0.000000 3.000000
v -1.490003 0.000000 3.500000
v -1.490003 0.000000 3.000000
v -1.010003 0.000000 3.500000
v -1.010003 0.000000 3.000000
v -0.990004 0.000000 3.500000
v -0.990004 0.000000 3.000000
v -0.510004 0.000000 3.500000
v -0.510004 0.000000 3.000000
v -0.490004 0.000000 3.500000
v -0.490004 0.000000 3.000000
v -4.510000 0.000000 4.000000
v -4.510000 0.000000 3.500000
v -4.490000 0.000000 4.000000
v -4.490000 0.000000 3.500000
v -4.010001 0.000000 4.000000
v -4.010001 0.000000 3.500000
v -3.990000 0.000000 4.000000
v -3.990000 0.000000 3.500000
v -3.510001 0.000000 4.000000
v -3.510001 0.000000 3.500000
v -3.490001 0.000000 4.000000
v -3.490001 0.000000 3.500000
v -3.010001 0.000000 4.000000
v -3.010001 0.000000 3.500000
v -2.990001 0.000000 4.000000
v -2.990001 0.000000 3.500000
v -2.510002 0.000000 4.000000
v -2.510002 0.000000 3.500000
v -2.490002 0.000000 4.000000
v -2.490002 0.000000 3.500000
v -2.010003 0.000000 4.000000
v -2.010003 0.000000 3.500000
v -1.990003 0.000000 4.000000
v -1.990003 0.000000 3.500000
v -1.510003 0.000000 4.000000
v -1.510003 0.000000 3.500000
v -1.490003 0.000000 4.000000
v -1.490003 0.000000 3.500000
v -1.010003 0.000000 4.000000
v -1.010003 0.000000 3.500000
v -0.990004 0.000000 4.000000
v -0.990004 0.000000 3.500000
v -0.510004 0.000000 4.000000
v -0.510004 0.000000 3.500000
v -0.490004 0.000000 4.000000
v -0.490004 0.000000 3.500000
v -4.510000 0.000000 4.500000
v -4.510000 0.000000 4.000000
v -4.490000 0.000000 4.500000
v -4.490000 0.000000 4.000000
v -4.010001 0.000000 4.500000
v -4.010001 0.000000 4.000000
v -3.990000 0.000000 4.500000
v -3.990000 0.000000 4.000000
v -3.510001 0.000000 4.500000
v -3.510001 0.000000 4.000000
v -3.490001 0.000000 4.500000
v -3.490001 0.000000 4.000000
v -3.010001 0.000000 4.500000
v -3.010001 0.000000 4.000000
v -2.990001 0.000000 4.500000
v -2.990001 0.000000 4.000000
v -2.510002 0.000000 4.500000
v -2.510002 0.000000 4.000000
v -2.490002 0.000000 4.500000
v -2.490002 0.000000 4.000000
v -2.010003 0.000000 4.500000
v -2.010003 0.000000 4.000000
v -1.990003 0.000000 4.500000
v -1.990003 0.000000 4.000000
v -1.510003 0.000000 4.500000
v -1.510003 0.000000 4.000000
v -1.490003 0.000000 4.500000
v -1.490003 0.000000 4.000000
v -1.010003 0.000000 4.500000
v -1.010003 0.000000 4.000000
v -0.990004 0.000000 4.500000
v -0.990004 0.000000 4.000000
v -0.510004 0.000000 4.500000
v -0.510004 0.000000 4.000000
v -0.490004 0.000000 4.500000
v -0.490004 0.000000 4.000000
v -4.510000 0.000000 5.000000
v -4.510000 0.000000 4.500000
v -4.490000 0.000000 5.000000
v -4.490000 0.000000 4.500000
v -4.010001 0.000000 5.000000
v -4.010001 0.000000 4.500000
v -3.990001 0.000000 5.000000
v -3.990000 0.000000 4.500000
v -3.510001 0.000000 5.000000
v -3.510001 0.000000 4.500000
v -3.490001 0.000000 5.000000
v -3.490001 0.000000 4.500000
v -3.010001 0.000000 5.000000
v -3.010001 0.000000 4.500000
v -2.990001 0.000000 5.000000
v -2.990001 0.000000 4.500000
v -2.510002 0.000000 5.000000
v -2.510002 0.000000 4.500000
v -2.490002 0.000000 5.000000
v -2.490002 0.000000 4.500000
v -2.010003 0.000000 5.000000
v -2.010003 0.000000 4.500000
v -1.990003 0.000000 5.000000
v -1.990003 0.000000 4.500000
v -1.510003 0.000000 5.000000
v -1.510003 0.000000 4.500000
v -1.490003 0.000000 5.000000
v -1.490003 0.000000 4.500000
v -1.010003 0.000000 5.000000
v -1.010003 0.000000 4.500000
v -0.990004 0.000000 5.000000
v -0.990004 0.000000 4.500000
v -0.510004 0.000000 5.000000
v -0.510004 0.000000 4.500000
v -0.490003 0.000000 5.000000
v -0.490004 0.000000 4.500000
v 0.490000 -0.000000 -4.500000
v 0.490000 -0.000000 -5.000000
v 0.510000 -0.000000 -4.500000
v 0.510000 -0.000000 -5.000000
v 0.989999 -0.000000 -4.500000
v 0.989999 -0.000000 -5.000000
v 1.010000 -0.000000 -4.500000
v 1.010000 -0.000000 -5.000000
v 1.489999 -0.000000 -4.500000
v 1.489999 -0.000000 -5.000000
v 1.509999 -0.000000 -4.500000
v 1.509999 -0.000000 -5.000000
v 1.989998 -0.000000 -4.500000
v 1.989998 -0.000000 -5.000000
v 2.009999 -0.000000 -4.500000
v 2.009999 -0.000000 -5.000000
v 2.489998 -0.000000 -4.500000
v 2.489999 -0.000000 -5.000000
v 2.509998 -0.000000 -4.500000
v 2.509999 -0.000000 -5.000000
v 2.989997 -0.000000 -4.500000
v 2.989998 -0.000000 -5.000000
v 3.009998 -0.000000 -4.500000
v 3.009998 -0.000000 -5.000000
v 3.489997 -0.000000 -4.500000
v 3.489997 -0.000000 -5.000000
v 3.509997 -0.000000 -4.500000
v 3.509998 -0.000000 -5.000000
v 3.989996 -0.000000 -4.500000
v 3.989997 -0.000000 -5.000000
v 4.009997 -0.000000 -4.500000
v 4.009997 -0.000000 -5.000000
v 4.489996 -0.000000 -4.500000
v 4.489996 -0.000000 -5.000000
v 4.509996 -0.000000 -4.500000
v 4.509996 -0.000000 -5.000000
v 0.490000 -0.000000 -4.000000
v 0.490000 -0.000000 -4.500000
v 0.510000 -0.000000 -4.000000
v 0.510000 -0.000000 -4.500000
v 0.989999 -0.000000 -4.000000
v 0.989999 -0.000000 -4.500000
v 1.010000 -0.000000 -4.000000
v 1.010000 -0.000000 -4.500000
v 1.489999 -0.000000 -4.000000
v 1.489999 -0.000000 -4.500000
v 1.509999 -0.000000 -4.000000
v 1.509999 -0.000000 -4.500000
v 1.989998 -0.000000 -4.000000
v 1.989998 -0.000000 -4.500000
v 2.009999 -0.000000 -4.000000
v 2.009999 -0.000000 -4.500000
v 2.489998 -0.000000 -4.000000
v 2.489998 -0.000000 -4.500000
v 2.509998 -0.000000 -4.000000
v 2.509998 -0.000000 -4.500000
v 2.989997 -0.000000 -4.000000
v 2.989997 -0.000000 -4.500000
v 3.009998 -0.000000 -4.000000
v 3.009998 -0.000000 -4.500000
v 3.489997 -0.000000 -4.000000
v 3.489997 -0.000000 -4.500000
v 3.509997 -0.000000 -4.000000
v 3.509997 -0.000000 -4.500000
v 3.989996 -0.000000 -4.000000
v 3.989996 -0.000000 -4.500000
v 4.009997 -0.000000 -4.000000
v 4.009997 -0.000000 -4.500000
v 4.489996 -0.000000 -4.000000
v 4.489996 -0.000000 -4.500000
v 4.509996 -0.000000 -4.000000
v 4.509996 -0.000000 -4.500000
v 0.490000 -0.000000 -3.500000
v 0.490000 -0.000000 -4.000000
v 0.510000 -0.000000 -3.500000
v 0.510000 -0.000000 -4.000000
v 0.989999 -0.000000 -3.500000
v 0.989999 -0.000000 -4.000000
v 1.010000 -0.000000 -3.500000
v 1.010000 -0.000000 -4.000000
v 1.489999 -0.000000 -3.500000
v 1.489999 -0.000000 -4.000000
v 1.509999 -0.000000 -3.500000
v 1.509999 -0.000000 -4.000000
v 1.989998 -0.000000 -3.500000
v 1.989998 -0.000000 -4.000000
v 2.009999 -0.000000 -3.500000
v 2.009999 -0.000000 -4.000000
v 2.489998 -0.000000 -3.500000
v 2.489998 -0.000000 -4.000000
v 2.509998 -0.000000 -3.500000
v 2.509998 -0.000000 -4.000000
v 2.989997 -0.000000 -3.500000
v 2.989997 -0.000000 -4.000000
v 3.009998 -0.000000 -3.500000
v 3.009998 -0.000000 -4.000000
v 3.489997 -0.000000 -3.500000
v 3.489997 -0.000000 -4.000000
v 3.509997 -0.000000 -3.500000
v 3.509997 -0.000000 -4.000000
v 3.989996 -0.000000 -3.500000
v 3.989996 -0.000000 -4.000000
v 4.009997 -0.000000 -3.500000
v 4.009997 -0.000000 -4.000000
v 4.489996 -0.000000 -3.500000
v 4.489996 -0.000000 -4.000000
v 4.509996 -0.000000 -3.500000
v 4.509996 -0.000000 -4.000000
v 0.490000 -0.000000 -3.000000
v 0.490000 -0.000000 -3.500000
v 0.510000 -0.000000 -3.000000
v 0.510000 -0.000000 -3.500000
v 0.989999 -0.000000 -3.000000
v 0.989999 -0.000000 -3.500000
v 1.010000 -0.000000 -3.000000
v 1.010000 -0.000000 -3.500000
v 1.489999 -0.000000 -3.000000
v 1.489999 -0.000000 -3.500000
v 1.509999 -0.000000 -3.000000
v 1.509999 -0.000000 -3.500000
v 1.989998 -0.000000 -3.000000
v 1.989998 -0.000000 -3.500000
v 2.009999 -0.000000 -3.000000
v 2.009999 -0.000000 -3.500000
v 2.489998 -0.000000 -3.000000
v 2.489998 -0.000000 -3.500000
v 2.509998 -0.000000 -3.000000
v 2.509998 -0.000000 -3.500000
v 2.989997 -0.000000 -3.000000
v 2.989997 -0.000000 -3.500000
v 3.009998 -0.000000 -3.000000
v 3.009998 -0.000000 -3.500000
v 3.489997 -0.000000 -3.000000
v 3.489997 -0.000000 -3.500000
v 3.509997 -0.000000 -3.000000
v 3.509997 -0.000000 -3.500000
v 3.989996 -0.000000 -3.000000
v 3.989996 -0.000000 -3.500000
v 4.009996 -0.000000 -3.000000
v 4.009997 -0.000000 -3.500000
v 4.489996 -0.000000 -3.000000
v 4.489996 -0.000000 -3.500000
v 4.509996 -0.000000 -3.000000
v 4.509996 -0.000000 -3.500000
v 0.490000 -0.000000 -2.500000
v 0.490000 -0.000000 -3.000000
v 0.510000 -0.000000 -2.500000
v 0.510000 -0.000000 -3.000000
v 0.989999 -0.000000 -2.500000
v 0.989999 -0.000000 -3.000000
v 1.010000 -0.000000 -2.500000
v 1.010000 -0.000000 -3.000000
v 1.489999 -0.000000 -2.500000
v 1.489999 -0.000000 -3.000000
v 1.509999 -0.000000 -2.500000
v 1.509999 -0.000000 -3.000000
v 1.989998 -0.000000 -2.500000
v 1.989998 -0.000000 -3.000000
v 2.009999 -0.000000 -2.500000
v 2.009999 -0.000000 -3.000000
v 2.489998 -0.000000 -2.500000
v 2.489998 -0.000000 -3.000000
v 2.509998 -0.000000 -2.500000
v 2.509998 -0.000000 -3.000000
v 2.989997 -0.000000 -2.500000
v 2.989997 -0.000000 -3.000000
v 3.009998 -0.000000 -2.500000
v 3.009998 -0.000000 -3.000000
v 3.489997 -0.000000 -2.500000
v 3.489997 -0.000000 -3.000000
v 3.509997 -0.000000 -2.500000
v 3.509997 -0.000000 -3.000000
v 3.989996 -0.000000 -2.500000
v 3.989996 -0.000000 -3.000000
v 4.009996 -0.000000 -2.500000
v 4.009996 -0.000000 -3.000000
v 4.489996 -0.000000 -2.500000
v 4.489996 -0.000000 -3.000000
v 4.509996 -0.000000 -2.500000
v 4.509996 -0.000000 -3.000000
v 0.490000 -0.000000 -2.000000
v 0.490000 -0.000000 -2.500000
v 0.510000 -0.000000 -2.000000
v 0.510000 -0.000000 -2.500000
v 0.989999 -0.000000 -2.000000
v 0.989999 -0.000000 -2.500000
v 1.010000 -0.000000 -2.000000
v 1.010000 -0.000000 -2.500000
v 1.489999 -0.000000 -2.000000
v 1.489999 -0.000000 -2.500000
v 1.509999 -0.000000 -2.000000
v 1.509999 -0.000000 -2.500000
v 1.989998 -0.000000 -2.000000
v 1.989998 -0.000000 -2.500000
v 2.009999 -0.000000 -2.000000
v 2.009999 -0.000000 -2.500000
v 2.489998 -0.000000 -2.000000
v 2.489998 -0.000000 -2.500000
v 2.509998 -0.000000 -2.000000
v 2.509998 -0.000000 -2.500000
v 2.989997 -0.000000 -2.000000
v 2.989997 -0.000000 -2.500000
v 3.009998 -0.000000 -2.000000
v 3.009998 -0.000000 -2.500000
v 3.489997 -0.000000 -2.000000
v 3.489997 -0.000000 -2.500000
v 3.509997 -0.000000 -2.000000
v 3.509997 -0.000000 -2.500000
v 3.989996 -0.000000 -2.000000
v 3.989996 -0.000000 -2.500000
v 4.009996 -0.000000 -2.000000
v 4.009996 -0.000000 -2.500000
v 4.489996 -0.000000 -2.000000
v 4.489996 -0.000000 -2.500000
v 4.509996 -0.000000 -2.000000
v 4.509996 -0.000000 -2.500000
v 0.490000 -0.000000 -1.500000
v 0.490000 -0.000000 -2.000000
v 0.510000 -0.000000 -1.500000
v 0.510000 -0.000000 -2.000000
v 0.989999 -0.000000 -1.500000
v 0.989999 -0.000000 -2.000000
v 1.010000 -0.000000 -1.500000
v 1.010000 -0.000000 -2.000000
v 1.489999 -0.000000 -1.500000
v 1.489999 -0.000000 -2.000000
v 1.509999 -0.000000 -1.500000
v 1.509999 -0.000000 -2.000000
v 1.989998 -0.000000 -1.500000
v 1.989998 -0.000000 -2.000000
v 2.009999 -0.000000 -1.500000
v 2.009999 -0.000000 -2.000000
v 2.489998 -0.000000 -1.500000
v 2.489998 -0.000000 -2.000000
v 2.509998 -0.000000 -1.500000
v 2.509998 -0.000000 -2.000000
v 2.989997 -0.000000 -1.500000
v 2.989997 -0.000000 -2.000000
v 3.009998 -0.000000 -1.500000
v 3.009998 -0.000000 -2.000000
v 3.489997 -0.000000 -1.500000
v 3.489997 -0.000000 -2.000000
v 3.509997 -0.000000 -1.500000
v 3.509997 -0.000000 -2.000000
v 3.989996 -0.000000 -1.500000
v 3.989996 -0.000000 -2.000000
v 4.009996 -0.000000 -1.500000
v 4.009996 -0.000000 -2.000000
v 4.489996 -0.000000 -1.500000
v 4.489996 -0.000000 -2.000000
v 4.509996 -0.000000 -1.500000
v 4.509996 -0.000000 -2.000000
v 0.490000 -0.000000 -1.000000
v 0.490000 -0.000000 -1.500000
v 0.510000 -0.000000 -1.000000
v 0.510000 -0.000000 -1.500000
v 0.989999 -0.000000 -1.000000
v 0.989999 -0.000000 -1.500000
v 1.010000 -0.000000 -1.000000
v 1.010000 -0.000000 -1.500000
v 1.489999 -0.000000 -1.000000
v 1.489999 -0.000000 -1.500000
v 1.509999 -0.000000 -1.000000
v 1.509999 -0.000000 -1.500000
v 1.989998 -0.000000 -1.000000
v 1.989998 -0.000000 -1.500000
v 2.009999 -0.000000 -1.000000
v 2.009999 -0.000000 -1.500000
v 2.489998 -0.000000 -1.000000
v 2.489998 -0.000000 -1.500000
v 2.509998 -0.000000 -1.000000
v 2.509998 -0.000000 -1.500000
v 2.989997 -0.000000 -1.000000
v 2.989997 -0.000000 -1.500000
v 3.009998 -0.000000 -1.000000
v 3.009998 -0.000000 -1.500000
v 3.489997 -0.000000 -1.000000
v 3.489997 -0.000000 -1.500000
v 3.509997 -0.000000 -1.000000
v 3.509997 -0.000000 -1.500000
v 3.989996 -0.000000 -1.000000
v 3.989996 -0.000000 -1.500000
v 4.009996 -0.000000 -1.000000
v 4.009996 -0.000000 -1.500000
v 4.489996 -0.000000 -1.000000
v 4.489996 -0.000000 -1.500000
v 4.509996 -0.000000 -1.000000
v 4.509996 -0.000000 -1.500000
v 0.490000 -0.000000 -0.500000
v 0.490000 -0.000000 -1.000000
v 0.510000 -0.000000 -0.500000
v 0.510000 -0.000000 -1.000000
v 0.989999 -0.000000 -0.500000
v 0.989999 -0.000000 -1.000000
v 1.010000 -0.000000 -0.500000
v 1.010000 -0.000000 -1.000000
v 1.489999 -0.000000 -0.500000
v 1.489999 -0.000000 -1.000000
v 1.509999 -0.000000 -0.500000
v 1.509999 -0.000000 -1.000000
v 1.989998 -0.000000 -0.500000
v 1.989998 -0.000000 -1.000000
v 2.009999 -0.000000 -0.500000
v 2.009999 -0.000000 -1.000000
v 2.489998 -0.000000 -0.500000
v 2.489998 -0.000000 -1.000000
v 2.509998 -0.000000 -0.500000
v 2.509998 -0.000000 -1.000000
v 2.989997 -0.000000 -0.500000
v 2.989997 -0.000000 -1.000000
v 3.009998 -0.000000 -0.500000
v 3.009998 -0.000000 -1.000000
v 3.489997 -0.000000 -0.499999
v 3.489997 -0.000000 -1.000000
v 3.509997 -0.000000 -0.499999
v 3.509997 -0.000000 -1.000000
v 3.989996 -0.000000 -0.500000
v 3.989996 -0.000000 -1.000000
v 4.009996 -0.000000 -0.500000
v 4.009996 -0.000000 -1.000000
v 4.489996 -0.000000 -0.500000
v 4.489996 -0.000000 -1.000000
v 4.509996 -0.000000 -0.500000
v 4.509996 -0.000000 -1.000000
v 0.490000 0.000000 0.000000
v 0.490000 -0.000000 -0.500000
v 0.510000 0.000000 0.000000
v 0.510000 -0.000000 -0.500000
v 0.989999 0.000000 0.000000
v 0.989999 -0.000000 -0.500000
v 1.010000 0.000000 0.000000
v 1.010000 -0.000000 -0.500000
v 1.489999 0.000000 0.000000
v 1.489999 -0.000000 -0.500000
v 1.509999 0.000000 0.000000
v 1.509999 -0.000000 -0.500000
v 1.989998 0.000000 0.000000
v 1.989998 -0.000000 -0.500000
v 2.009999 0.000000 0.000000
v 2.009999 -0.000000 -0.500000
v 2.489998 0.000000 0.000000
v 2.489998 -0.000000 -0.500000
v 2.509999 0.000000 0.000000
v 2.509998 -0.000000 -0.500000
v 2.989998 0.000000 0.000000
v 2.989997 -0.000000 -0.500000
v 3.009998 0.000000 0.000000
v 3.009998 -0.000000 -0.500000
v 3.489997 0.000000 0.000000
v 3.489997 -0.000000 -0.499999
v 3.509998 0.000000 0.000000
v 3.509997 -0.000000 -0.499999
v 3.989997 0.000000 0.000000
v 3.989996 -0.000000 -0.500000
v 4.009997 0.000000 0.000000
v 4.009996 -0.000000 -0.500000
v 4.489996 0.000000 0.000000
v 4.489996 -0.000000 -0.500000
v 4.509996 0.000000 0.000000
v 4.509996 -0.000000 -0.500000
v 0.490000 0.000000 0.500000
v 0.490000 0.000000 0.000000
v 0.510000 0.000000 0.500000
v 0.510000 0.000000 0.000000
v 0.989999 0.000000 0.500000
v 0.989999 0.000000 0.000000
v 1.010000 0.000000 0.500000
v 1.010000 0.000000 0.000000
v 1.489999 0.000000 0.500000
v 1.489999 0.000000 0.000000
v 1.509999 0.000000 0.500000
v 1.509999 0.000000 0.000000
v 1.989998 0.000000 0.500000
v 1.989998 0.000000 0.000000
v 2.009999 0.000000 0.500000
v 2.009999 0.000000 0.000000
v 2.489998 0.000000 0.500000
v 2.489998 0.000000 0.000000
v 2.509999 0.000000 0.500000
v 2.509999 0.000000 0.000000
v 2.989998 0.000000 0.500000
v 2.989998 0.000000 0.000000
v 3.009998 0.000000 0.500000
v 3.009998 0.000000 0.000000
v 3.489997 0.000000 0.500000
v 3.489997 0.000000 0.000000
v 3.509998 0.000000 0.500000
v 3.509998 0.000000 0.000000
v 3.989997 0.000000 0.500000
v 3.989997 0.000000 0.000000
v 4.009997 0.000000 0.500000
v 4.009997 0.000000 0.000000
v 4.489996 0.000000 0.500000
v 4.489996 0.000000 0.000000
v 4.509996 0.000000 0.500000
v 4.509996 0.000000 0.000000
v 0.490000 0.000000 1.000000
v 0.490000 0.000000 0.500000
v 0.510000 0.000000 1.000000
v 0.510000 0.000000 0.500000
v 0.989999 0.000000 1.000000
v 0.989999 0.000000 0.500000
v 1.010000 0.000000 1.000000
v 1.010000 0.000000 0.500000
v 1.489999 0.000000 1.000000
v 1.489999 0.000000 0.500000
v 1.509999 0.000000 1.000000
v 1.509999 0.000000 0.500000
v 1.989998 0.000000 1.000000
v 1.989998 0.000000 0.500000
v 2.009999 0.000000 1.000000
v 2.009999 0.000000 0.500000
v 2.489999 0.000000 1.000000
v 2.489998 0.000000 0.500000
v 2.509999 0.000000 1.000000
v 2.509999 0.000000 0.500000
v 2.989998 0.000000 1.000000
v 2.989998 0.000000 0.500000
v 3.009998 0.000000 1.000000
v 3.009998 0.000000 0.500000
v 3.489997 0.000000 1.000000
v 3.489997 0.000000 0.500000
v 3.509998 0.000000 1.000000
v 3.509998 0.000000 0.500000
v 3.989997 0.000000 1.000000
v 3.989997 0.000000 0.500000
v 4.009997 0.000000 1.000000
v 4.009997 0.000000 0.500000
v 4.489996 0.000000 1.000000
v 4.489996 0.000000 0.500000
v 4.509996 0.000000 1.000000
v 4.509996 0.000000 0.500000
v 0.490000 0.000000 1.500000
v 0.490000 0.000000 1.000000
v 0.510000 0.000000 1.500000
v 0.510000 0.000000 1.000000
v 0.989999 0.000000 1.500000
v 0.989999 0.000000 1.000000
v 1.010000 0.000000 1.500000
v 1.010000 0.000000 1.000000
v 1.489999 0.000000 1.500000
v 1.489999 0.000000 1.000000
v 1.509999 0.000000 1.500000
v 1.509999 0.000000 1.000000
v 1.989998 0.000000 1.500000
v 1.989998 0.000000 1.000000
v 2.009999 0.000000 1.500000
v 2.009999 0.000000 1.000000
v 2.489999 0.000000 1.500000
v 2.489999 0.000000 1.000000
v 2.509999 0.000000 1.500000
v 2.509999 0.000000 1.000000
v 2.989998 0.000000 1.500000
v 2.989998 0.000000 1.000000
v 3.009998 0.000000 1.500000
v 3.009998 0.000000 1.000000
v 3.489997 0.000000 1.500000
v 3.489997 0.000000 1.000000
v 3.509998 0.000000 1.500000
v 3.509998 0.000000 1.000000
v 3.989997 0.000000 1.500000
v 3.989997 0.000000 1.000000
v 4.009997 0.000000 1.500000
v 4.009997 0.000000 1.000000
v 4.489996 0.000000 1.500000
v 4.489996 0.000000 1.000000
v 4.509996 0.000000 1.500000
v 4.509996 0.000000 1.000000
v 0.490000 0.000000 2.000000
v 0.490000 0.000000 1.500000
v 0.510000 0.000000 2.000000
v 0.510000 0.000000 1.500000
v 0.989999 0.000000 2.000000
v 0.989999 0.000000 1.500000
v 1.010000 0.000000 2.000000
v 1.010000 0.000000 1.500000
v 1.489999 0.000000 2.000000
v 1.489999 0.000000 1.500000
v 1.509999 0.000000 2.000000
v 1.509999 0.000000 1.500000
v 1.989998 0.000000 2.000000
v 1.989998 0.000000 1.500000
v 2.009999 0.000000 2.000000
v 2.009999 0.000000 1.500000
v 2.489998 0.000000 2.000000
v 2.489999 0.000000 1.500000
v 2.509998 0.000000 2.000000
v 2.509999 0.000000 1.500000
v 2.989997 0.000000 2.000000
v 2.989998 0.000000 1.500000
v 3.009998 0.000000 2.000000
v 3.009998 0.000000 1.500000
v 3.489997 0.000000 2.000000
v 3.489997 0.000000 1.500000
v 3.509997 0.000000 2.000000
v 3.509998 0.000000 1.500000
v 3.989996 0.000000 2.000000
v 3.989997 0.000000 1.500000
v 4.009997 0.000000 2.000000
v 4.009997 0.000000 1.500000
v 4.489996 0.000000 2.000000
v 4.489996 0.000000 1.500000
v 4.509996 0.000000 2.000000
v 4.509996 0.000000 1.500000
v 0.490000 0.000000 2.500000
v 0.490000 0.000000 2.000000
v 0.510000 0.000000 2.500000
v 0.510000 0.000000 2.000000
v 0.989999 0.000000 2.500000
v 0.989999 0.000000 2.000000
v 1.010000 0.000000 2.500000
v 1.010000 0.000000 2.000000
v 1.489999 0.000000 2.500000
v 1.489999 0.000000 2.000000
v 1.509999 0.000000 2.500000
v 1.509999 0.000000 2.000000
v 1.989998 0.000000 2.500000
v 1.989998 0.000000 2.000000
v 2.009999 0.000000 2.500000
v 2.009999 0.000000 2.000000
v 2.489998 0.000000 2.500000
v 2.489998 0.000000 2.000000
v 2.509998 0.000000 2.500000
v 2.509998 0.000000 2.000000
v 2.989997 0.000000 2.500000
v 2.989997 0.000000 2.000000
v 3.009998 0.000000 2.500000
v 3.009998 0.000000 2.000000
v 3.489997 0.000000 2.500000
v 3.489997 0.000000 2.000000
v 3.509997 0.000000 2.500000
v 3.509997 0.000000 2.000000
v 3.989996 0.000000 2.500000
v 3.989996 0.000000 2.000000
v 4.009997 0.000000 2.500000
v 4.009997 0.000000 2.000000
v 4.489996 0.000000 2.500000
v 4.489996 0.000000 2.000000
v 4.509996 0.000000 2.500000
v 4.509996 0.000000 2.000000
v 0.490000 0.000000 3.000000
v 0.490000 0.000000 2.500000
v 0.510000 0.000000 3.000000
v 0.510000 0.000000 2.500000
v 0.989999 0.000000 3.000000
v 0.989999 0.000000 2.500000
v 1.010000 0.000000 3.000000
v 1.010000 0.000000 2.500000
v 1.489999 0.000000 3.000000
v 1.489999 0.000000 2.500000
v 1.509999 0.000000 3.000000
v 1.509999 0.000000 2.500000
v 1.989998 0.000000 3.000000
v 1.989998 0.000000 2.500000
v 2.009999 0.000000 3.000000
v 2.009999 0.000000 2.500000
v 2.489998 0.000000 3.000000
v 2.489998 0.000000 2.500000
v 2.509998 0.000000 3.000000
v 2.509998 0.000000 2.500000
v 2.989997 0.000000 3.000000
v 2.989997 0.000000 2.500000
v 3.009998 0.000000 3.000000
v 3.009998 0.000000 2.500000
v 3.489997 0.000000 3.000000
v 3.489997 0.000000 2.500000
v 3.509997 0.000000 3.000000
v 3.509997 0.000000 2.500000
v 3.989996 0.000000 3.000000
v 3.989996 0.000000 2.500000
v 4.009997 0.000000 3.000000
v 4.009997 0.000000 2.500000
v 4.489996 0.000000 3.000000
v 4.489996 0.000000 2.500000
v 4.509996 0.000000 3.000000
v 4.509996 0.000000 2.500000
v 0.490000 0.000000 3.500000
v 0.490000 0.000000 3.000000
v 0.510000 0.000000 3.500000
v 0.510000 0.000000 3.000000
v 0.989999 0.000000 3.500000
v 0.989999 0.000000 3.000000
v 1.010000 0.000000 3.500000
v 1.010000 0.000000 3.000000
v 1.489999 0.000000 3.500000
v 1.489999 0.000000 3.000000
v 1.509999 0.000000 3.500000
v 1.509999 0.000000 3.000000
v 1.989998 0.000000 3.500000
v 1.989998 0.000000 3.000000
v 2.009999 0.000000 3.500000
v 2.009999 0.000000 3.000000
v 2.489998 0.000000 3.500000
v 2.489998 0.000000 3.000000
v 2.509998 0.000000 3.500000
v 2.509998 0.000000 3.000000
v 2.989997 0.000000 3.500000
v 2.989997 0.000000 3.000000
v 3.009998 0.000000 3.500000
v 3.009998 0.000000 3.000000
v 3.489997 0.000000 3.500000
v 3.489997 0.000000 3.000000
v 3.509997 0.000000 3.500000
v 3.509997 0.000000 3.000000
v 3.989996 0.000000 3.500000
v 3.989996 0.000000 3.000000
v 4.009996 0.000000 3.500000
v 4.009997 0.000000 3.000000
v 4.489996 0.000000 3.500000
v 4.489996 0.000000 3.000000
v 4.509996 0.000000 3.500000
v 4.509996 0.000000 3.000000
v 0.490000 0.000000 4.000000
v 0.490000 0.000000 3.500000
v 0.510000 0.000000 4.000000
v 0.510000 0.000000 3.500000
v 0.989999 0.000000 4.000000
v 0.989999 0.000000 3.500000
v 1.010000 0.000000 4.000000
v 1.010000 0.000000 3.500000
v 1.489999 0.000000 4.000000
v 1.489999 0.000000 3.500000
v 1.509999 0.000000 4.000000
v 1.509999 0.000000 3.500000
v 1.989998 0.000000 4.000000
v 1.989998 0.000000 3.500000
v 2.009999 0.000000 4.000000
v 2.009999 0.000000 3.500000
v 2.489998 0.000000 4.000000
v 2.489998 0.000000 3.500000
v 2.509998 0.000000 4.000000
v 2.509998 0.000000 3.500000
v 2.989997 0.000000 4.000000
v 2.989997 0.000000 3.500000
v 3.009998 0.000000 4.000000
v 3.009998 0.000000 3.500000
v 3.489997 0.000000 4.000000
v 3.489997 0.000000 3.500000
v 3.509997 0.000000 4.000000
v 3.509997 0.000000 3.500000
v 3.989996 0.000000 4.000000
v 3.989996 0.000000 3.500000
v 4.009996 0.000000 4.000000
v 4.009996 0.000000 3.500000
v 4.489996 0.000000 4.000000
v 4.489996 0.000000 3.500000
v 4.509996 0.000000 4.000000
v 4.509996 0.000000 3.500000
v 0.490000 0.000000 4.500000
v 0.490000 0.000000 4.000000
v 0.510000 0.000000 4.500000
v 0.510000 0.000000 4.000000
v 0.989999 0.000000 4.500000
v 0.989999 0.000000 4.000000
v 1.010000 0.000000 4.500000
v 1.010000 0.000000 4.000000
v 1.489999 0.000000 4.500000
v 1.489999 0.000000 4.000000
v 1.509999 0.000000 4.500000
v 1.509999 0.000000 4.000000
v 1.989998 0.000000 4.500000
v 1.989998 0.000000 4.000000
v 2.009999 0.000000 4.500000
v 2.009999 0.000000 4.000000
v 2.489998 0.000000 4.500000
v 2.489998 0.000000 4.000000
v 2.509998 0.000000 4.500000
v 2.509998 0.000000 4.000000
v 2.989997 0.000000 4.500000
v 2.989997 0.000000 4.000000
v 3.009998 0.000000 4.500000
v 3.009998 0.000000 4.000000
v 3.489997 0.000000 4.500000
v 3.489997 0.000000 4.000000
v 3.509997 0.000000 4.500000
v 3.509997 0.000000 4.000000
v 3.989996 0.000000 4.500000
v 3.989996 0.000000 4.000000
v 4.009996 0.000000 4.500000
v 4.009996 0.000000 4.000000
v 4.489996 0.000000 4.500000
v 4.489996 0.000000 4.000000
v 4.509996 0.000000 4.500000
v 4.509996 0.000000 4.000000
v 0.490000 0.000000 5.000000
v 0.490000 0.000000 4.500000
v 0.510000 0.000000 5.000000
v 0.510000 0.000000 4.500000
v 0.989999 0.000000 5.000000
v 0.989999 0.000000 4.500000
v 1.010000 0.000000 5.000000
v 1.010000 0.000000 4.500000
v 1.489999 0.000000 5.000000
v 1.489999 0.000000 4.500000
v 1.509999 0.000000 5.000000
v 1.509999 0.000000 4.500000
v 1.989998 0.000000 5.000000
v 1.989998 0.000000 4.500000
v 2.009999 0.000000 5.000000
v 2.009999 0.000000 4.500000
v 2.489998 0.000000 5.000000
v 2.489998 0.000000 4.500000
v 2.509998 0.000000 5.000000
v 2.509998 0.000000 4.500000
v 2.989997 0.000000 5.000000
v 2.989997 0.000000 4.500000
v 3.009998 0.000000 5.000000
v 3.009998 0.000000 4.500000
v 3.489997 0.000000 5.000000
v 3.489997 0.000000 4.500000
v 3.509997 0.000000 5.000000
v 3.509997 0.000000 4.500000
v 3.989996 0.000000 5.000000
v 3.989996 0.000000 4.500000
v 4.009996 0.000000 5.000000
v 4.009996 0.000000 4.500000
v 4.489996 0.000000 5.000000
v 4.489996 0.000000 4.500000
v 4.509996 0.000000 5.000000
v 4.509996 0.000000 4.500000
v -4.500000 0.000000 4.510000
v -5.000000 0.000000 4.510000
v -4.500000 0.000000 4.489999
v -5.000000 0.000000 4.489999
v -4.500000 0.000000 4.010000
v -5.000000 0.000000 4.010000
v -4.500000 0.000000 3.990000
v -5.000000 0.000000 3.990000
v -4.500000 0.000000 3.510000
v -5.000000 0.000000 3.510000
v -4.500000 0.000000 3.490000
v -5.000000 0.000000 3.490000
v -4.500000 0.000000 3.010001
v -5.000000 0.000000 3.010001
v -4.500000 0.000000 2.990001
v -5.000000 0.000000 2.990001
v -4.500000 0.000000 2.510001
v -5.000000 0.000000 2.510001
v -4.500000 0.000000 2.490001
v -5.000000 0.000000 2.490001
v -4.500000 0.000000 2.010002
v -5.000000 0.000000 2.010002
v -4.500000 0.000000 1.990002
v -5.000000 0.000000 1.990002
v -4.500000 0.000000 1.510002
v -5.000000 0.000000 1.510002
v -4.500000 0.000000 1.490003
v -5.000000 0.000000 1.490003
v -4.500000 0.000000 1.010003
v -5.000000 0.000000 1.010003
v -4.500000 0.000000 0.990003
v -5.000000 0.000000 0.990003
v -4.500000 0.000000 0.510004
v -5.000000 0.000000 0.510004
v -4.500000 0.000000 0.490003
v -5.000000 0.000000 0.490003
v -4.000000 0.000000 4.510000
v -4.500000 0.000000 4.510000
v -4.000000 0.000000 4.489999
v -4.500000 0.000000 4.489999
v -4.000000 0.000000 4.010000
v -4.500000 0.000000 4.010000
v -4.000000 0.000000 3.990000
v -4.500000 0.000000 3.990000
v -4.000000 0.000000 3.510000
v -4.500000 0.000000 3.510000
v -4.000000 0.000000 3.490000
v -4.500000 0.000000 3.490000
v -4.000000 0.000000 3.010001
v -4.500000 0.000000 3.010001
v -4.000000 0.000000 2.990001
v -4.500000 0.000000 2.990001
v -4.000000 0.000000 2.510001
v -4.500000 0.000000 2.510001
v -4.000000 0.000000 2.490001
v -4.500000 0.000000 2.490001
v -4.000000 0.000000 2.010002
v -4.500000 0.000000 2.010002
v -4.000000 0.000000 1.990002
v -4.500000 0.000000 1.990002
v -4.000000 0.000000 1.510002
v -4.500000 0.000000 1.510002
v -4.000000 0.000000 1.490003
v -4.500000 0.000000 1.490003
v -4.000000 0.000000 1.010003
v -4.500000 0.000000 1.010003
v -4.000000 0.000000 0.990003
v -4.500000 0.000000 0.990003
v -4.000000 0.000000 0.510004
v -4.500000 0.000000 0.510004
v -4.000000 0.000000 0.490003
v -4.500000 0.000000 0.490003
v -3.500000 0.000000 4.510000
v -4.000000 0.000000 4.510000
v -3.500000 0.000000 4.489999
v -4.000000 0.000000 4.489999
v -3.500000 0.000000 4.010000
v -4.000000 0.000000 4.010000
v -3.500000 0.000000 3.990000
v -4.000000 0.000000 3.990000
v -3.500000 0.000000 3.510000
v -4.000000 0.000000 3.510000
v -3.500000 0.000000 3.490000
v -4.000000 0.000000 3.490000
v -3.500000 0.000000 3.010001
v -4.000000 0.000000 3.010001
v -3.500000 0.000000 2.990001
v -4.000000 0.000000 2.990001
v -3.500000 0.000000 2.510001
v -4.000000 0.000000 2.510001
v -3.500000 0.000000 2.490001
v -4.000000 0.000000 2.490001
v -3.500000 0.000000 2.010002
v -4.000000 0.000000 2.010002
v -3.500000 0.000000 1.990002
v -4.000000 0.000000 1.990002
v -3.500000 0.000000 1.510002
v -4.000000 0.000000 1.510002
v -3.500000 0.000000 1.490003
v -4.000000 0.000000 1.490003
v -3.500000 0.000000 1.010003
v -4.000000 0.000000 1.010003
v -3.500000 0.000000 0.990003
v -4.000000 0.000000 0.990003
v -3.500000 0.000000 0.510004
v -4.000000 0.000000 0.510004
v -3.500000 0.000000 0.490003
v -4.000000 0.000000 0.490003
v -3.000000 0.000000 4.510000
v -3.500000 0.000000 4.510000
v -3.000000 0.000000 4.490000
v -3.500000 0.000000 4.489999
v -3.000000 0.000000 4.010000
v -3.500000 0.000000 4.010000
v -3.000000 0.000000 3.990000
v -3.500000 0.000000 3.990000
v -3.000000 0.000000 3.510000
v -3.500000 0.000000 3.510000
v -3.000000 0.000000 3.490000
v -3.500000 0.000000 3.490000
v -3.000000 0.000000 3.010001
v -3.500000 0.000000 3.010001
v -3.000000 0.000000 2.990001
v -3.500000 0.000000 2.990001
v -3.000000 0.000000 2.510001
v -3.500000 0.000000 2.510001
v -3.000000 0.000000 2.490001
v -3.500000 0.000000 2.490001
v -3.000000 0.000000 2.010002
v -3.500000 0.000000 2.010002
v -3.000000 0.000000 1.990002
v -3.500000 0.000000 1.990002
v -3.000000 0.000000 1.510002
v -3.500000 0.000000 1.510002
v -3.000000 0.000000 1.490003
v -3.500000 0.000000 1.490003
v -3.000000 0.000000 1.010003
v -3.500000 0.000000 1.010003
v -3.000000 0.000000 0.990003
v -3.500000 0.000000 0.990003
v -3.000000 0.000000 0.510004
v -3.500000 0.000000 0.510004
v -3.000000 0.000000 0.490003
v -3.500000 0.000000 0.490003
v -2.500000 0.000000 4.510000
v -3.000000 0.000000 4.510000
v -2.500000 0.000000 4.490000
v -3.000000 0.000000 4.490000
v -2.500000 0.000000 4.010000
v -3.000000 0.000000 4.010000
v -2.500000 0.000000 3.990000
v -3.000000 0.000000 3.990000
v -2.500000 0.000000 3.510000
v -3.000000 0.000000 3.510000
v -2.500000 0.000000 3.490000
v -3.000000 0.000000 3.490000
v -2.500000 0.000000 3.010001
v -3.000000 0.000000 3.010001
v -2.500000 0.000000 2.990001
v -3.000000 0.000000 2.990001
v -2.500000 0.000000 2.510001
v -3.000000 0.000000 2.510001
v -2.500000 0.000000 2.490001
v -3.000000 0.000000 2.490001
v -2.500000 0.000000 2.010002
v -3.000000 0.000000 2.010002
v -2.500000 0.000000 1.990002
v -3.000000 0.000000 1.990002
v -2.500000 0.000000 1.510002
v -3.000000 0.000000 1.510002
v -2.500000 0.000000 1.490003
v -3.000000 0.000000 1.490003
v -2.500000 0.000000 1.010003
v -3.000000 0.000000 1.010003
v -2.500000 0.000000 0.990003
v -3.000000 0.000000 0.990003
v -2.500000 0.000000 0.510004
v -3.000000 0.000000 0.510004
v -2.500000 0.000000 0.490003
v -3.000000 0.000000 0.490003
v -2.000000 0.000000 4.510000
v -2.500000 0.000000 4.510000
v -2.000000 0.000000 4.490000
v -2.500000 0.000000 4.490000
v -2.000000 0.000000 4.010000
v -2.500000 0.000000 4.010000
v -2.000000 0.000000 3.990000
v -2.500000 0.000000 3.990000
v -2.000000 0.000000 3.510000
v -2.500000 0.000000 3.510000
v -2.000000 0.000000 3.490000
v -2.500000 0.000000 3.490000
v -2.000000 0.000000 3.010001
v -2.500000 0.000000 3.010001
v -2.000000 0.000000 2.990001
v -2.500000 0.000000 2.990001
v -2.000000 0.000000 2.510001
v -2.500000 0.000000 2.510001
v -2.000000 0.000000 2.490001
v -2.500000 0.000000 2.490001
v -2.000000 0.000000 2.010002
v -2.500000 0.000000 2.010002
v -2.000000 0.000000 1.990003
v -2.500000 0.000000 1.990002
v -2.000000 0.000000 1.510002
v -2.500000 0.000000 1.510002
v -2.000000 0.000000 1.490003
v -2.500000 0.000000 1.490003
v -2.000000 0.000000 1.010003
v -2.500000 0.000000 1.010003
v -2.000000 0.000000 0.990003
v -2.500000 0.000000 0.990003
v -2.000000 0.000000 0.510004
v -2.500000 0.000000 0.510004
v -2.000000 0.000000 0.490003
v -2.500000 0.000000 0.490003
v -1.500000 0.000000 4.510000
v -2.000000 0.000000 4.510000
v -1.500000 0.000000 4.490000
v -2.000000 0.000000 4.490000
v -1.500000 0.000000 4.010000
v -2.000000 0.000000 4.010000
v -1.500000 0.000000 3.990000
v -2.000000 0.000000 3.990000
v -1.500000 0.000000 3.510001
v -2.000000 0.000000 3.510000
v -1.500000 0.000000 3.490001
v -2.000000 0.000000 3.490000
v -1.500000 0.000000 3.010001
v -2.000000 0.000000 3.010001
v -1.500000 0.000000 2.990001
v -2.000000 0.000000 2.990001
v -1.500000 0.000000 2.510002
v -2.000000 0.000000 2.510001
v -1.500000 0.000000 2.490002
v -2.000000 0.000000 2.490001
v -1.500000 0.000000 2.010003
v -2.000000 0.000000 2.010002
v -1.500000 0.000000 1.990003
v -2.000000 0.000000 1.990003
v -1.500000 0.000000 1.510002
v -2.000000 0.000000 1.510002
v -1.500000 0.000000 1.490003
v -2.000000 0.000000 1.490003
v -1.500000 0.000000 1.010003
v -2.000000 0.000000 1.010003
v -1.500000 0.000000 0.990003
v -2.000000 0.000000 0.990003
v -1.500000 0.000000 0.510004
v -2.000000 0.000000 0.510004
v -1.500000 0.000000 0.490003
v -2.000000 0.000000 0.490003
v -1.000000 0.000000 4.510000
v -1.500000 0.000000 4.510000
v -1.000000 0.000000 4.490000
v -1.500000 0.000000 4.490000
v -1.000000 0.000000 4.010000
v -1.500000 0.000000 4.010000
v -1.000000 0.000000 3.990000
v -1.500000 0.000000 3.990000
v -1.000000 0.000000 3.510001
v -1.500000 0.000000 3.510001
v -1.000000 0.000000 3.490001
v -1.500000 0.000000 3.490001
v -1.000000 0.000000 3.010001
v -1.500000 0.000000 3.010001
v -1.000000 0.000000 2.990001
v -1.500000 0.000000 2.990001
v -1.000000 0.000000 2.510002
v -1.500000 0.000000 2.510002
v -1.000000 0.000000 2.490002
v -1.500000 0.000000 2.490002
v -1.000000 0.000000 2.010003
v -1.500000 0.000000 2.010003
v -1.000000 0.000000 1.990003
v -1.500000 0.000000 1.990003
v -1.000000 0.000000 1.510002
v -1.500000 0.000000 1.510002
v -1.000000 0.000000 1.490003
v -1.500000 0.000000 1.490003
v -1.000000 0.000000 1.010003
v -1.500000 0.000000 1.010003
v -1.000000 0.000000 0.990004
v -1.500000 0.000000 0.990003
v -1.000000 0.000000 0.510004
v -1.500000 0.000000 0.510004
v -1.000000 0.000000 0.490003
v -1.500000 0.000000 0.490003
v -0.500000 0.000000 4.510000
v -1.000000 0.000000 4.510000
v -0.500000 0.000000 4.490000
v -1.000000 0.000000 4.490000
v -0.500000 0.000000 4.010000
v -1.000000 0.000000 4.010000
v -0.500000 0.000000 3.990000
v -1.000000 0.000000 3.990000
v -0.500000 0.000000 3.510001
v -1.000000 0.000000 3.510001
v -0.500000 0.000000 3.490001
v -1.000000 0.000000 3.490001
v -0.500000 0.000000 3.010001
v -1.000000 0.000000 3.010001
v -0.500000 0.000000 2.990001
v -1.000000 0.000000 2.990001
v -0.500000 0.000000 2.510002
v -1.000000 0.000000 2.510002
v -0.500000 0.000000 2.490002
v -1.000000 0.000000 2.490002
v -0.500000 0.000000 2.010003
v -1.000000 0.000000 2.010003
v -0.500000 0.000000 1.990003
v -1.000000 0.000000 1.990003
v -0.500000 0.000000 1.510003
v -1.000000 0.000000 1.510002
v -0.500000 0.000000 1.490003
v -1.000000 0.000000 1.490003
v -0.500000 0.000000 1.010003
v -1.000000 0.000000 1.010003
v -0.500000 0.000000 0.990004
v -1.000000 0.000000 0.990004
v -0.500000 0.000000 0.510004
v -1.000000 0.000000 0.510004
v -0.500000 0.000000 0.490003
v -1.000000 0.000000 0.490003
v -0.000000 0.000000 4.510000
v -0.500000 0.000000 4.510000
v -0.000000 0.000000 4.490000
v -0.500000 0.000000 4.490000
v -0.000000 0.000000 4.010000
v -0.500000 0.000000 4.010000
v -0.000000 0.000000 3.990000
v -0.500000 0.000000 3.990000
v -0.000000 0.000000 3.510001
v -0.500000 0.000000 3.510001
v -0.000000 0.000000 3.490001
v -0.500000 0.000000 3.490001
v 0.000000 0.000000 3.010001
v -0.500000 0.000000 3.010001
v 0.000000 0.000000 2.990001
v -0.500000 0.000000 2.990001
v 0.000000 0.000000 2.510002
v -0.500000 0.000000 2.510002
v 0.000000 0.000000 2.490002
v -0.500000 0.000000 2.490002
v 0.000000 0.000000 2.010003
v -0.500000 0.000000 2.010003
v 0.000000 0.000000 1.990003
v -0.500000 0.000000 1.990003
v 0.000000 0.000000 1.510003
v -0.500000 0.000000 1.510003
v 0.000000 0.000000 1.490003
v -0.500000 0.000000 1.490003
v 0.000000 0.000000 1.010003
v -0.500000 0.000000 1.010003
v 0.000000 0.000000 0.990004
v -0.500000 0.000000 0.990004
v 0.000000 0.000000 0.510004
v -0.500000 0.000000 0.510004
v 0.000000 0.000000 0.490003
v -0.500000 0.000000 0.490003
v 0.499999 0.000000 4.510000
v -0.000000 0.000000 4.510000
v 0.499999 0.000000 4.490000
v -0.000000 0.000000 4.490000
v 0.499999 0.000000 4.010000
v -0.000000 0.000000 4.010000
v 0.499999 0.000000 3.990000
v -0.000000 0.000000 3.990000
v 0.499999 0.000000 3.510001
v -0.000000 0.000000 3.510001
v 0.499999 0.000000 3.490001
v -0.000000 0.000000 3.490001
v 0.500000 0.000000 3.010001
v 0.000000 0.000000 3.010001
v 0.500000 0.000000 2.990001
v 0.000000 0.000000 2.990001
v 0.500000 0.000000 2.510002
v 0.000000 0.000000 2.510002
v 0.500000 0.000000 2.490002
v 0.000000 0.000000 2.490002
v 0.500000 0.000000 2.010003
v 0.000000 0.000000 2.010003
v 0.500000 0.000000 1.990003
v 0.000000 0.000000 1.990003
v 0.500000 0.000000 1.510003
v 0.000000 0.000000 1.510003
v 0.500000 0.000000 1.490003
v 0.000000 0.000000 1.490003
v 0.500000 0.000000 1.010003
v 0.000000 0.000000 1.010003
v 0.500000 0.000000 0.990004
v 0.000000 0.000000 0.990004
v 0.500000 0.000000 0.510004
v 0.000000 0.000000 0.510004
v 0.500000 0.000000 0.490003
v 0.000000 0.000000 0.490003
v 1.000000 0.000000 4.510000
v 0.499999 0.000000 4.510000
v 1.000000 0.000000 4.490000
v 0.499999 0.000000 4.490000
v 1.000000 0.000000 4.010000
v 0.499999 0.000000 4.010000
v 1.000000 0.000000 3.990000
v 0.499999 0.000000 3.990000
v 1.000000 0.000000 3.510001
v 0.499999 0.000000 3.510001
v 1.000000 0.000000 3.490001
v 0.499999 0.000000 3.490001
v 1.000000 0.000000 3.010001
v 0.500000 0.000000 3.010001
v 1.000000 0.000000 2.990001
v 0.500000 0.000000 2.990001
v 1.000000 0.000000 2.510002
v 0.500000 0.000000 2.510002
v 1.000000 0.000000 2.490002
v 0.500000 0.000000 2.490002
v 1.000000 0.000000 2.010003
v 0.500000 0.000000 2.010003
v 1.000000 0.000000 1.990003
v 0.500000 0.000000 1.990003
v 1.000000 0.000000 1.510003
v 0.500000 0.000000 1.510003
v 1.000000 0.000000 1.490003
v 0.500000 0.000000 1.490003
v 1.000000 0.000000 1.010003
v 0.500000 0.000000 1.010003
v 1.000000 0.000000 0.990004
v 0.500000 0.000000 0.990004
v 1.000000 0.000000 0.510004
v 0.500000 0.000000 0.510004
v 1.000000 0.000000 0.490003
v 0.500000 0.000000 0.490003
v 1.500000 0.000000 4.510000
v 1.000000 0.000000 4.510000
v 1.500000 0.000000 4.490000
v 1.000000 0.000000 4.490000
v 1.500000 0.000000 4.010000
v 1.000000 0.000000 4.010000
v 1.500000 0.000000 3.990000
v 1.000000 0.000000 3.990000
v 1.500000 0.000000 3.510001
v 1.000000 0.000000 3.510001
v 1.500000 0.000000 3.490001
v 1.000000 0.000000 3.490001
v 1.500000 0.000000 3.010001
v 1.000000 0.000000 3.010001
v 1.500000 0.000000 2.990001
v 1.000000 0.000000 2.990001
v 1.500000 0.000000 2.510002
v 1.000000 0.000000 2.510002
v 1.500000 0.000000 2.490002
v 1.000000 0.000000 2.490002
v 1.500000 0.000000 2.010003
v 1.000000 0.000000 2.010003
v 1.500000 0.000000 1.990003
v 1.000000 0.000000 1.990003
v 1.500000 0.000000 1.510003
v 1.000000 0.000000 1.510003
v 1.500000 0.000000 1.490003
v 1.000000 0.000000 1.490003
v 1.500000 0.000000 1.010003
v 1.000000 0.000000 1.010003
v 1.500000 0.000000 0.990004
v 1.000000 0.000000 0.990004
v 1.500000 0.000000 0.510004
v 1.000000 0.000000 0.510004
v 1.500000 0.000000 0.490003
v 1.000000 0.000000 0.490003
v 2.000000 0.000000 4.510000
v 1.500000 0.000000 4.510000
v 2.000000 0.000000 4.490000
v 1.500000 0.000000 4.490000
v 2.000000 0.000000 4.010000
v 1.500000 0.000000 4.010000
v 2.000000 0.000000 3.990000
v 1.500000 0.000000 3.990000
v 2.000000 0.000000 3.510001
v 1.500000 0.000000 3.510001
v 2.000000 0.000000 3.490001
v 1.500000 0.000000 3.490001
v 2.000000 0.000000 3.010001
v 1.500000 0.000000 3.010001
v 2.000000 0.000000 2.990001
v 1.500000 0.000000 2.990001
v 2.000000 0.000000 2.510002
v 1.500000 0.000000 2.510002
v 2.000000 0.000000 2.490002
v 1.500000 0.000000 2.490002
v 2.000000 0.000000 2.010003
v 1.500000 0.000000 2.010003
v 2.000000 0.000000 1.990003
v 1.500000 0.000000 1.990003
v 2.000000 0.000000 1.510003
v 1.500000 0.000000 1.510003
v 2.000000 0.000000 1.490003
v 1.500000 0.000000 1.490003
v 2.000000 0.000000 1.010003
v 1.500000 0.000000 1.010003
v 2.000000 0.000000 0.990004
v 1.500000 0.000000 0.990004
v 2.000000 0.000000 0.510004
v 1.500000 0.000000 0.510004
v 2.000000 0.000000 0.490003
v 1.500000 0.000000 0.490003
v 2.500000 0.000000 4.510000
v 2.000000 0.000000 4.510000
v 2.500000 0.000000 4.490000
v 2.000000 0.000000 4.490000
v 2.500000 0.000000 4.010000
v 2.000000 0.000000 4.010000
v 2.500000 0.000000 3.990000
v 2.000000 0.000000 3.990000
v 2.500000 0.000000 3.510001
v 2.000000 0.000000 3.510001
v 2.500000 0.000000 3.490001
v 2.000000 0.000000 3.490001
v 2.500000 0.000000 3.010001
v 2.000000 0.000000 3.010001
v 2.500000 0.000000 2.990001
v 2.000000 0.000000 2.990001
v 2.500000 0.000000 2.510002
v 2.000000 0.000000 2.510002
v 2.500000 0.000000 2.490002
v 2.000000 0.000000 2.490002
v 2.500000 0.000000 2.010003
v 2.000000 0.000000 2.010003
v 2.500000 0.000000 1.990003
v 2.000000 0.000000 1.990003
v 2.500000 0.000000 1.510003
v 2.000000 0.000000 1.510003
v 2.500000 0.000000 1.490003
v 2.000000 0.000000 1.490003
v 2.500000 0.000000 1.010003
v 2.000000 0.000000 1.010003
v 2.500000 0.000000 0.990004
v 2.000000 0.000000 0.990004
v 2.500000 0.000000 0.510004
v 2.000000 0.000000 0.510004
v 2.500000 0.000000 0.490004
v 2.000000 0.000000 0.490003
v 3.000000 0.000000 4.510000
v 2.500000 0.000000 4.510000
v 3.000000 0.000000 4.490000
v 2.500000 0.000000 4.490000
v 3.000000 0.000000 4.010000
v 2.500000 0.000000 4.010000
v 3.000000 0.000000 3.990000
v 2.500000 0.000000 3.990000
v 3.000000 0.000000 3.510001
v 2.500000 0.000000 3.510001
v 3.000000 0.000000 3.490001
v 2.500000 0.000000 3.490001
v 3.000000 0.000000 3.010001
v 2.500000 0.000000 3.010001
v 3.000000 0.000000 2.990001
v 2.500000 0.000000 2.990001
v 3.000000 0.000000 2.510002
v 2.500000 0.000000 2.510002
v 3.000000 0.000000 2.490002
v 2.500000 0.000000 2.490002
v 3.000000 0.000000 2.010003
v 2.500000 0.000000 2.010003
v 3.000000 0.000000 1.990003
v 2.500000 0.000000 1.990003
v 3.000000 0.000000 1.510003
v 2.500000 0.000000 1.510003
v 3.000000 0.000000 1.490003
v 2.500000 0.000000 1.490003
v 3.000000 0.000000 1.010003
v 2.500000 0.000000 1.010003
v 3.000000 0.000000 0.990004
v 2.500000 0.000000 0.990004
v 3.000000 0.000000 0.510004
v 2.500000 0.000000 0.510004
v 3.000000 0.000000 0.490004
v 2.500000 0.000000 0.490004
v 3.500000 0.000000 4.510001
v 3.000000 0.000000 4.510000
v 3.500000 0.000000 4.490000
v 3.000000 0.000000 4.490000
v 3.500000 0.000000 4.010001
v 3.000000 0.000000 4.010000
v 3.500000 0.000000 3.990000
v 3.000000 0.000000 3.990000
v 3.500000 0.000000 3.510001
v 3.000000 0.000000 3.510001
v 3.500000 0.000000 3.490001
v 3.000000 0.000000 3.490001
v 3.500000 0.000000 3.010001
v 3.000000 0.000000 3.010001
v 3.500000 0.000000 2.990001
v 3.000000 0.000000 2.990001
v 3.500000 0.000000 2.510002
v 3.000000 0.000000 2.510002
v 3.500000 0.000000 2.490002
v 3.000000 0.000000 2.490002
v 3.500000 0.000000 2.010003
v 3.000000 0.000000 2.010003
v 3.500000 0.000000 1.990003
v 3.000000 0.000000 1.990003
v 3.500000 0.000000 1.510003
v 3.000000 0.000000 1.510003
v 3.500000 0.000000 1.490003
v 3.000000 0.000000 1.490003
v 3.500000 0.000000 1.010003
v 3.000000 0.000000 1.010003
v 3.500000 0.000000 0.990004
v 3.000000 0.000000 0.990004
v 3.500000 0.000000 0.510004
v 3.000000 0.000000 0.510004
v 3.500000 0.000000 0.490004
v 3.000000 0.000000 0.490004
v 4.000000 0.000000 4.510001
v 3.500000 0.000000 4.510001
v 4.000000 0.000000 4.490000
v 3.500000 0.000000 4.490000
v 4.000000 0.000000 4.010001
v 3.500000 0.000000 4.010001
v 4.000000 0.000000 3.990000
v 3.500000 0.000000 3.990000
v 4.000000 0.000000 3.510001
v 3.500000 0.000000 3.510001
v 4.000000 0.000000 3.490001
v 3.500000 0.000000 3.490001
v 4.000000 0.000000 3.010001
v 3.500000 0.000000 3.010001
v 4.000000 0.000000 2.990001
v 3.500000 0.000000 2.990001
v 4.000000 0.000000 2.510002
v 3.500000 0.000000 2.510002
v 4.000000 0.000000 2.490002
v 3.500000 0.000000 2.490002
v 4.000000 0.000000 2.010003
v 3.500000 0.000000 2.010003
v 4.000000 0.000000 1.990003
v 3.500000 0.000000 1.990003
v 4.000000 0.000000 1.510003
v 3.500000 0.000000 1.510003
v 4.000000 0.000000 1.490003
v 3.500000 0.000000 1.490003
v 4.000000 0.000000 1.010003
v 3.500000 0.000000 1.010003
v 4.000000 0.000000 0.990004
v 3.500000 0.000000 0.990004
v 4.000000 0.000000 0.510004
v 3.500000 0.000000 0.510004
v 4.000000 0.000000 0.490004
v 3.500000 0.000000 0.490004
v 4.500000 0.000000 4.510001
v 4.000000 0.000000 4.510001
v 4.500000 0.000000 4.490000
v 4.000000 0.000000 4.490000
v 4.500000 0.000000 4.010001
v 4.000000 0.000000 4.010001
v 4.500000 0.000000 3.990000
v 4.000000 0.000000 3.990000
v 4.500000 0.000000 3.510001
v 4.000000 0.000000 3.510001
v 4.500000 0.000000 3.490001
v 4.000000 0.000000 3.490001
v 4.500000 0.000000 3.010001
v 4.000000 0.000000 3.010001
v 4.500000 0.000000 2.990001
v 4.000000 0.000000 2.990001
v 4.500000 0.000000 2.510002
v 4.000000 0.000000 2.510002
v 4.500000 0.000000 2.490002
v 4.000000 0.000000 2.490002
v 4.500000 0.000000 2.010003
v 4.000000 0.000000 2.010003
v 4.500000 0.000000 1.990003
v 4.000000 0.000000 1.990003
v 4.500000 0.000000 1.510003
v 4.000000 0.000000 1.510003
v 4.500000 0.000000 1.490003
v 4.000000 0.000000 1.490003
v 4.500000 0.000000 1.010003
v 4.000000 0.000000 1.010003
v 4.500000 0.000000 0.990004
v 4.000000 0.000000 0.990004
v 4.500000 0.000000 0.510004
v 4.000000 0.000000 0.510004
v 4.500000 0.000000 0.490004
v 4.000000 0.000000 0.490004
v 5.000000 0.000000 4.510001
v 4.500000 0.000000 4.510001
v 5.000000 0.000000 4.490000
v 4.500000 0.000000 4.490000
v 5.000000 0.000000 4.010001
v 4.500000 0.000000 4.010001
v 5.000000 0.000000 3.990001
v 4.500000 0.000000 3.990000
v 5.000000 0.000000 3.510001
v 4.500000 0.000000 3.510001
v 5.000000 0.000000 3.490001
v 4.500000 0.000000 3.490001
v 5.000000 0.000000 3.010002
v 4.500000 0.000000 3.010001
v 5.000000 0.000000 2.990002
v 4.500000 0.000000 2.990001
v 5.000000 0.000000 2.510003
v 4.500000 0.000000 2.510002
v 5.000000 0.000000 2.490002
v 4.500000 0.000000 2.490002
v 5.000000 0.000000 2.010003
v 4.500000 0.000000 2.010003
v 5.000000 0.000000 1.990003
v 4.500000 0.000000 1.990003
v 5.000000 0.000000 1.510003
v 4.500000 0.000000 1.510003
v 5.000000 0.000000 1.490003
v 4.500000 0.000000 1.490003
v 5.000000 0.000000 1.010003
v 4.500000 0.000000 1.010003
v 5.000000 0.000000 0.990004
v 4.500000 0.000000 0.990004
v 5.000000 0.000000 0.510004
v 4.500000 0.000000 0.510004
v 5.000000 0.000000 0.490004
v 4.500000 0.000000 0.490004
vn -0.0000 1.0000 -0.0000
vt 0.875000 0.500000
vt 0.625000 0.750000
vt 0.625000 0.500000
vt 0.875000 0.750000
s 1
f 2/1/1 3/2/1 4/3/1
f 6/1/1 7/2/1 8/3/1
f 10/1/1 11/2/1 12/3/1
f 14/1/1 15/2/1 16/3/1
f 18/1/1 19/2/1 20/3/1
f 22/1/1 23/2/1 24/3/1
f 26/1/1 27/2/1 28/3/1
f 30/1/1 31/2/1 32/3/1
f 34/1/1 35/2/1 36/3/1
f 38/1/1 39/2/1 40/3/1
f 42/1/1 43/2/1 44/3/1
f 46/1/1 47/2/1 48/3/1
f 50/1/1 51/2/1 52/3/1
f 54/1/1 55/2/1 56/3/1
f 58/1/1 59/2/1 60/3/1
f 62/1/1 63/2/1 64/3/1
f 66/1/1 67/2/1 68/3/1
f 70/1/1 71/2/1 72/3/1
f 74/1/1 75/2/1 76/3/1
f 78/1/1 79/2/1 80/3/1
f 82/1/1 83/2/1 84/3/1
f 86/1/1 87/2/1 88/3/1
f 90/1/1 91/2/1 92/3/1
f 94/1/1 95/2/1 96/3/1
f 98/1/1 99/2/1 100/3/1
f 102/1/1 103/2/1 104/3/1
f 106/1/1 107/2/1 108/3/1
f 110/1/1 111/2/1 112/3/1
f 114/1/1 115/2/1 116/3/1
f 118/1/1 119/2/1 120/3/1
f 122/1/1 123/2/1 124/3/1
f 126/1/1 127/2/1 128/3/1
f 130/1/1 131/2/1 132/3/1
f 134/1/1 135/2/1 136/3/1
f 138/1/1 139/2/1 140/3/1
f 142/1/1 143/2/1 144/3/1
f 146/1/1 147/2/1 148/3/1
f 150/1/1 151/2/1 152/3/1
f 154/1/1 155/2/1 156/3/1
f 158/1/1 159/2/1 160/3/1
f 162/1/1 163/2/1 164/3/1
f 166/1/1 167/2/1 168/3/1
f 170/1/1 171/2/1 172/3/1
f 174/1/1 175/2/1 176/3/1
f 178/1/1 179/2/1 180/3/1
f 182/1/1 183/2/1 184/3/1
f 186/1/1 187/2/1 188/3/1
f 190/1/1 191/2/1 192/3/1
f 194/1/1 195/2/1 196/3/1
f 198/1/1 199/2/1 200/3/1
f 202/1/1 203/2/1 204/3/1
f 206/1/1 207/2/1 208/3/1
f 210/1/1 211/2/1 212/3/1
f 214/1/1 215/2/1 216/3/1
f 218/1/1 219/2/1 220/3/1
f 222/1/1 223/2/1 224/3/1
f 226/1/1 227/2/1 228/3/1
f 230/1/1 231/2/1 232/3/1
f 234/1/1 235/2/1 236/3/1
f 238/1/1 239/2/1 240/3/1
f 242/1/1 243/2/1 244/3/1
f 246/1/1 247/2/1 248/3/1
f 250/1/1 251/2/1 252/3/1
f 254/1/1 255/2/1 256/3/1
f 258/1/1 259/2/1 260/3/1
f 262/1/1 263/2/1 264/3/1
f 266/1/1 267/2/1 268/3/1
f 270/1/1 271/2/1 272/3/1
f 274/1/1 275/2/1 276/3/1
f 278/1/1 279/2/1 280/3/1
f 282/1/1 283/2/1 284/3/1
f 286/1/1 287/2/1 288/3/1
f 290/1/1 291/2/1 292/3/1
f 294/1/1 295/2/1 296/3/1
f 298/1/1 299/2/1 300/3/1
f 302/1/1 303/2/1 304/3/1
f 306/1/1 307/2/1 308/3/1
f 310/1/1 311/2/1 312/3/1
f 314/1/1 315/2/1 316/3/1
f 318/1/1 319/2/1 320/3/1
f 322/1/1 323/2/1 324/3/1
f 326/1/1 327/2/1 328/3/1
f 330/1/1 331/2/1 332/3/1
f 334/1/1 335/2/1 336/3/1
f 338/1/1 339/2/1 340/3/1
f 342/1/1 343/2/1 344/3/1
f 346/1/1 347/2/1 348/3/1
f 350/1/1 351/2/1 352/3/1
f 354/1/1 355/2/1 356/3/1
f 358/1/1 359/2/1 360/3/1
f 362/1/1 363/2/1 364/3/1
f 366/1/1 367/2/1 368/3/1
f 370/1/1 371/2/1 372/3/1
f 374/1/1 375/2/1 376/3/1
f 378/1/1 379/2/1 380/3/1
f 382/1/1 383/2/1 384/3/1
f 386/1/1 387/2/1 388/3/1
f 390/1/1 391/2/1 392/3/1
f 394/1/1 395/2/1 396/3/1
f 398/1/1 399/2/1 400/3/1
f 402/1/1 403/2/1 404/3/1
f 406/1/1 407/2/1 408/3/1
f 410/1/1 411/2/1 412/3/1
f 414/1/1 415/2/1 416/3/1
f 418/1/1 419/2/1 420/3/1
f 422/1/1 423/2/1 424/3/1
f 426/1/1 427/2/1 428/3/1
f 430/1/1 431/2/1 432/3/1
f 434/1/1 435/2/1 436/3/1
f 438/1/1 439/2/1 440/3/1
f 442/1/1 443/2/1 444/3/1
f 446/1/1 447/2/1 448/3/1
f 450/1/1 451/2/1 452/3/1
f 454/1/1 455/2/1 456/3/1
f 458/1/1 459/2/1 460/3/1
f 462/1/1 463/2/1 464/3/1
f 466/1/1 467/2/1 468/3/1
f 470/1/1 471/2/1 472/3/1
f 474/1/1 475/2/1 476/3/1
f 478/1/1 479/2/1 480/3/1
f 482/1/1 483/2/1 484/3/1
f 486/1/1 487/2/1 488/3/1
f 490/1/1 491/2/1 492/3/1
f 494/1/1 495/2/1 496/3/1
f 498/1/1 499/2/1 500/3/1
f 502/1/1 503/2/1 504/3/1
f 506/1/1 507/2/1 508/3/1
f 510/1/1 511/2/1 512/3/1
f 514/1/1 515/2/1 516/3/1
f 518/1/1 519/2/1 520/3/1
f 522/1/1 523/2/1 524/3/1
f 526/1/1 527/2/1 528/3/1
f 530/1/1 531/2/1 532/3/1
f 534/1/1 535/2/1 536/3/1
f 538/1/1 539/2/1 540/3/1
f 542/1/1 543/2/1 544/3/1
f 546/1/1 547/2/1 548/3/1
f 550/1/1 551/2/1 552/3/1
f 554/1/1 555/2/1 556/3/1
f 558/1/1 559/2/1 560/3/1
f 562/1/1 563/2/1 564/3/1
f 566/1/1 567/2/1 568/3/1
f 570/1/1 571/2/1 572/3/1
f 574/1/1 575/2/1 576/3/1
f 578/1/1 579/2/1 580/3/1
f 582/1/1 583/2/1 584/3/1
f 586/1/1 587/2/1 588/3/1
f 590/1/1 591/2/1 592/3/1
f 594/1/1 595/2/1 596/3/1
f 598/1/1 599/2/1 600/3/1
f 602/1/1 603/2/1 604/3/1
f 606/1/1 607/2/1 608/3/1
f 610/1/1 611/2/1 612/3/1
f 614/1/1 615/2/1 616/3/1
f 618/1/1 619/2/1 620/3/1
f 622/1/1 623/2/1 624/3/1
f 626/1/1 627/2/1 628/3/1
f 630/1/1 631/2/1 632/3/1
f 634/1/1 635/2/1 636/3/1
f 638/1/1 639/2/1 640/3/1
f 642/1/1 643/2/1 644/3/1
f 646/1/1 647/2/1 648/3/1
f 650/1/1 651/2/1 652/3/1
f 654/1/1 655/2/1 656/3/1
f 658/1/1 659/2/1 660/3/1
f 662/1/1 663/2/1 664/3/1
f 666/1/1 667/2/1 668/3/1
f 670/1/1 671/2/1 672/3/1
f 674/1/1 675/2/1 676/3/1
f 678/1/1 679/2/1 680/3/1
f 682/1/1 683/2/1 684/3/1
f 686/1/1 687/2/1 688/3/1
f 690/1/1 691/2/1 692/3/1
f 694/1/1 695/2/1 696/3/1
f 698/1/1 699/2/1 700/3/1
f 702/1/1 703/2/1 704/3/1
f 706/1/1 707/2/1 708/3/1
f 710/1/1 711/2/1 712/3/1
f 714/1/1 715/2/1 716/3/1
f 718/1/1 719/2/1 720/3/1
f 722/1/1 723/2/1 724/3/1
f 726/1/1 727/2/1 728/3/1
f 730/1/1 731/2/1 732/3/1
f 734/1/1 735/2/1 736/3/1
f 738/1/1 739/2/1 740/3/1
f 742/1/1 743/2/1 744/3/1
f 746/1/1 747/2/1 748/3/1
f 750/1/1 751/2/1 752/3/1
f 754/1/1 755/2/1 756/3/1
f 758/1/1 759/2/1 760/3/1
f 762/1/1 763/2/1 764/3/1
f 766/1/1 767/2/1 768/3/1
f 770/1/1 771/2/1 772/3/1
f 774/1/1 775/2/1 776/3/1
f 778/1/1 779/2/1 780/3/1
f 782/1/1 783/2/1 784/3/1
f 786/1/1 787/2/1 788/3/1
f 790/1/1 791/2/1 792/3/1
f 794/1/1 795/2/1 796/3/1
f 798/1/1 799/2/1 800/3/1
f 802/1/1 803/2/1 804/3/1
f 808/3/1 805/4/1 807/2/1
f 810/1/1 811/2/1 812/3/1
f 814/1/1 815/2/1 816/3/1
f 818/1/1 819/2/1 820/3/1
f 822/1/1 823/2/1 824/3/1
f 826/1/1 827/2/1 828/3/1
f 830/1/1 831/2/1 832/3/1
f 834/1/1 835/2/1 836/3/1
f 838/1/1 839/2/1 840/3/1
f 842/1/1 843/2/1 844/3/1
f 846/1/1 847/2/1 848/3/1
f 850/1/1 851/2/1 852/3/1
f 854/1/1 855/2/1 856/3/1
f 858/1/1 859/2/1 860/3/1
f 862/1/1 863/2/1 864/3/1
f 866/1/1 867/2/1 868/3/1
f 870/1/1 871/2/1 872/3/1
f 874/1/1 875/2/1 876/3/1
f 878/1/1 879/2/1 880/3/1
f 882/1/1 883/2/1 884/3/1
f 888/3/1 885/4/1 887/2/1
f 890/1/1 891/2/1 892/3/1
f 894/1/1 895/2/1 896/3/1
f 898/1/1 899/2/1 900/3/1
f 902/1/1 903/2/1 904/3/1
f 906/1/1 907/2/1 908/3/1
f 910/1/1 911/2/1 912/3/1
f 914/1/1 915/2/1 916/3/1
f 918/1/1 919/2/1 920/3/1
f 922/1/1 923/2/1 924/3/1
f 926/1/1 927/2/1 928/3/1
f 930/1/1 931/2/1 932/3/1
f 934/1/1 935/2/1 936/3/1
f 938/1/1 939/2/1 940/3/1
f 942/1/1 943/2/1 944/3/1
f 946/1/1 947/2/1 948/3/1
f 950/1/1 951/2/1 952/3/1
f 954/1/1 955/2/1 956/3/1
f 958/1/1 959/2/1 960/3/1
f 962/1/1 963/2/1 964/3/1
f 968/3/1 965/4/1 967/2/1
f 970/1/1 971/2/1 972/3/1
f 974/1/1 975/2/1 976/3/1
f 978/1/1 979/2/1 980/3/1
f 982/1/1 983/2/1 984/3/1
f 986/1/1 987/2/1 988/3/1
f 990/1/1 991/2/1 992/3/1
f 994/1/1 995/2/1 996/3/1
f 998/1/1 999/2/1 1000/3/1
f 1002/1/1 1003/2/1 1004/3/1
f 1006/1/1 1007/2/1 1008/3/1
f 1010/1/1 1011/2/1 1012/3/1
f 1014/1/1 1015/2/1 1016/3/1
f 1020/3/1 1017/4/1 1019/2/1
f 1022/1/1 1023/2/1 1024/3/1
f 1026/1/1 1027/2/1 1028/3/1
f 1030/1/1 1031/2/1 1032/3/1
f 1034/1/1 1035/2/1 1036/3/1
f 1038/1/1 1039/2/1 1040/3/1
f 1044/3/1 1041/4/1 1043/2/1
f 1048/3/1 1045/4/1 1047/2/1
f 1050/1/1 1051/2/1 1052/3/1
f 1054/1/1 1055/2/1 1056/3/1
f 1058/1/1 1059/2/1 1060/3/1
f 1062/1/1 1063/2/1 1064/3/1
f 1066/1/1 1067/2/1 1068/3/1
f 1070/1/1 1071/2/1 1072/3/1
f 1074/1/1 1075/2/1 1076/3/1
f 1078/1/1 1079/2/1 1080/3/1
f 1082/1/1 1083/2/1 1084/3/1
f 1086/1/1 1087/2/1 1088/3/1
f 1090/1/1 1091/2/1 1092/3/1
f 1094/1/1 1095/2/1 1096/3/1
f 1098/1/1 1099/2/1 1100/3/1
f 1102/1/1 1103/2/1 1104/3/1
f 1106/1/1 1107/2/1 1108/3/1
f 1110/1/1 1111/2/1 1112/3/1
f 1114/1/1 1115/2/1 1116/3/1
f 1118/1/1 1119/2/1 1120/3/1
f 1124/3/1 1121/4/1 1123/2/1
f 1128/3/1 1125/4/1 1127/2/1
f 1132/3/1 1129/4/1 1131/2/1
f 1134/1/1 1135/2/1 1136/3/1
f 1138/1/1 1139/2/1 1140/3/1
f 1142/1/1 1143/2/1 1144/3/1
f 1146/1/1 1147/2/1 1148/3/1
f 1150/1/1 1151/2/1 1152/3/1
f 1154/1/1 1155/2/1 1156/3/1
f 1158/1/1 1159/2/1 1160/3/1
f 1162/1/1 1163/2/1 1164/3/1
f 1168/3/1 1165/4/1 1167/2/1
f 1170/1/1 1171/2/1 1172/3/1
f 1176/3/1 1173/4/1 1175/2/1
f 1180/3/1 1177/4/1 1179/2/1
f 1182/1/1 1183/2/1 1184/3/1
f 1186/1/1 1187/2/1 1188/3/1
f 1190/1/1 1191/2/1 1192/3/1
f 1194/1/1 1195/2/1 1196/3/1
f 1198/1/1 1199/2/1 1200/3/1
f 1202/1/1 1203/2/1 1204/3/1
f 1206/1/1 1207/2/1 1208/3/1
f 1210/1/1 1211/2/1 1212/3/1
f 1214/1/1 1215/2/1 1216/3/1
f 1218/1/1 1219/2/1 1220/3/1
f 1222/1/1 1223/2/1 1224/3/1
f 1226/1/1 1227/2/1 1228/3/1
f 1230/1/1 1231/2/1 1232/3/1
f 1234/1/1 1235/2/1 1236/3/1
f 1238/1/1 1239/2/1 1240/3/1
f 1242/1/1 1243/2/1 1244/3/1
f 1246/1/1 1247/2/1 1248/3/1
f 1250/1/1 1251/2/1 1252/3/1
f 1254/1/1 1255/2/1 1256/3/1
f 1258/1/1 1259/2/1 1260/3/1
f 1262/1/1 1263/2/1 1264/3/1
f 1266/1/1 1267/2/1 1268/3/1
f 1270/1/1 1271/2/1 1272/3/1
f 1274/1/1 1275/2/1 1276/3/1
f 1278/1/1 1279/2/1 1280/3/1
f 1282/1/1 1283/2/1 1284/3/1
f 1286/1/1 1287/2/1 1288/3/1
f 1290/1/1 1291/2/1 1292/3/1
f 1294/1/1 1295/2/1 1296/3/1
f 1298/1/1 1299/2/1 1300/3/1
f 1302/1/1 1303/2/1 1304/3/1
f 1306/1/1 1307/2/1 1308/3/1
f 1310/1/1 1311/2/1 1312/3/1
f 1314/1/1 1315/2/1 1316/3/1
f 1318/1/1 1319/2/1 1320/3/1
f 1322/1/1 1323/2/1 1324/3/1
f 1326/1/1 1327/2/1 1328/3/1
f 1330/1/1 1331/2/1 1332/3/1
f 1334/1/1 1335/2/1 1336/3/1
f 1338/1/1 1339/2/1 1340/3/1
f 1342/1/1 1343/2/1 1344/3/1
f 1346/1/1 1347/2/1 1348/3/1
f 1350/1/1 1351/2/1 1352/3/1
f 1354/1/1 1355/2/1 1356/3/1
f 1358/1/1 1359/2/1 1360/3/1
f 1362/1/1 1363/2/1 1364/3/1
f 1366/1/1 1367/2/1 1368/3/1
f 1370/1/1 1371/2/1 1372/3/1
f 1374/1/1 1375/2/1 1376/3/1
f 1378/1/1 1379/2/1 1380/3/1
f 1382/1/1 1383/2/1 1384/3/1
f 1386/1/1 1387/2/1 1388/3/1
f 1392/3/1 1389/4/1 1391/2/1
f 1396/3/1 1393/4/1 1395/2/1
f 1398/1/1 1399/2/1 1400/3/1
f 1402/1/1 1403/2/1 1404/3/1
f 1408/3/1 1405/4/1 1407/2/1
f 1412/3/1 1409/4/1 1411/2/1
f 1414/1/1 1415/2/1 1416/3/1
f 1418/1/1 1419/2/1 1420/3/1
f 1422/1/1 1423/2/1 1424/3/1
f 1426/1/1 1427/2/1 1428/3/1
f 1430/1/1 1431/2/1 1432/3/1
f 1434/1/1 1435/2/1 1436/3/1
f 1438/1/1 1439/2/1 1440/3/1
f 1442/1/1 1443/2/1 1444/3/1
f 1448/3/1 1445/4/1 1447/2/1
f 1452/3/1 1449/4/1 1451/2/1
f 1454/1/1 1455/2/1 1456/3/1
f 1458/1/1 1459/2/1 1460/3/1
f 1462/1/1 1463/2/1 1464/3/1
f 1466/1/1 1467/2/1 1468/3/1
f 1470/1/1 1471/2/1 1472/3/1
f 1474/1/1 1475/2/1 1476/3/1
f 1480/3/1 1477/4/1 1479/2/1
f 1482/1/1 1483/2/1 1484/3/1
f 1486/1/1 1487/2/1 1488/3/1
f 1490/1/1 1491/2/1 1492/3/1
f 1494/1/1 1495/2/1 1496/3/1
f 1498/1/1 1499/2/1 1500/3/1
f 1502/1/1 1503/2/1 1504/3/1
f 1506/1/1 1507/2/1 1508/3/1
f 1512/3/1 1509/4/1 1511/2/1
f 1514/1/1 1515/2/1 1516/3/1
f 1518/1/1 1519/2/1 1520/3/1
f 1522/1/1 1523/2/1 1524/3/1
f 1526/1/1 1527/2/1 1528/3/1
f 1530/1/1 1531/2/1 1532/3/1
f 1534/1/1 1535/2/1 1536/3/1
f 1538/1/1 1539/2/1 1540/3/1
f 1542/1/1 1543/2/1 1544/3/1
f 1546/1/1 1547/2/1 1548/3/1
f 1550/1/1 1551/2/1 1552/3/1
f 1554/1/1 1555/2/1 1556/3/1
f 1560/3/1 1557/4/1 1559/2/1
f 1564/3/1 1561/4/1 1563/2/1
f 1566/1/1 1567/2/1 1568/3/1
f 1570/1/1 1571/2/1 1572/3/1
f 1574/1/1 1575/2/1 1576/3/1
f 1578/1/1 1579/2/1 1580/3/1
f 1582/1/1 1583/2/1 1584/3/1
f 1586/1/1 1587/2/1 1588/3/1
f 1590/1/1 1591/2/1 1592/3/1
f 1594/1/1 1595/2/1 1596/3/1
f 1598/1/1 1599/2/1 1600/3/1
f 1602/1/1 1603/2/1 1604/3/1
f 1606/1/1 1607/2/1 1608/3/1
f 1610/1/1 1611/2/1 1612/3/1
f 1614/1/1 1615/2/1 1616/3/1
f 1618/1/1 1619/2/1 1620/3/1
f 1622/1/1 1623/2/1 1624/3/1
f 1626/1/1 1627/2/1 1628/3/1
f 1630/1/1 1631/2/1 1632/3/1
f 1636/3/1 1633/4/1 1635/2/1
f 1638/1/1 1639/2/1 1640/3/1
f 1644/3/1 1641/4/1 1643/2/1
f 1648/3/1 1645/4/1 1647/2/1
f 1650/1/1 1651/2/1 1652/3/1
f 1654/1/1 1655/2/1 1656/3/1
f 1658/1/1 1659/2/1 1660/3/1
f 1662/1/1 1663/2/1 1664/3/1
f 1666/1/1 1667/2/1 1668/3/1
f 1670/1/1 1671/2/1 1672/3/1
f 1674/1/1 1675/2/1 1676/3/1
f 1678/1/1 1679/2/1 1680/3/1
f 1682/1/1 1683/2/1 1684/3/1
f 1686/1/1 1687/2/1 1688/3/1
f 1690/1/1 1691/2/1 1692/3/1
f 1694/1/1 1695/2/1 1696/3/1
f 1698/1/1 1699/2/1 1700/3/1
f 1702/1/1 1703/2/1 1704/3/1
f 1706/1/1 1707/2/1 1708/3/1
f 1710/1/1 1711/2/1 1712/3/1
f 1714/1/1 1715/2/1 1716/3/1
f 1718/1/1 1719/2/1 1720/3/1
f 1722/1/1 1723/2/1 1724/3/1
f 1726/1/1 1727/2/1 1728/3/1
f 1730/1/1 1731/2/1 1732/3/1
f 1734/1/1 1735/2/1 1736/3/1
f 1738/1/1 1739/2/1 1740/3/1
f 1742/1/1 1743/2/1 1744/3/1
f 1746/1/1 1747/2/1 1748/3/1
f 1750/1/1 1751/2/1 1752/3/1
f 1754/1/1 1755/2/1 1756/3/1
f 1758/1/1 1759/2/1 1760/3/1
f 1762/1/1 1763/2/1 1764/3/1
f 1766/1/1 1767/2/1 1768/3/1
f 1770/1/1 1771/2/1 1772/3/1
f 1774/1/1 1775/2/1 1776/3/1
f 1778/1/1 1779/2/1 1780/3/1
f 1782/1/1 1783/2/1 1784/3/1
f 1786/1/1 1787/2/1 1788/3/1
f 1790/1/1 1791/2/1 1792/3/1
f 1794/1/1 1795/2/1 1796/3/1
f 1798/1/1 1799/2/1 1800/3/1
f 1802/1/1 1803/2/1 1804/3/1
f 1806/1/1 1807/2/1 1808/3/1
f 1810/1/1 1811/2/1 1812/3/1
f 1814/1/1 1815/2/1 1816/3/1
f 1818/1/1 1819/2/1 1820/3/1
f 1822/1/1 1823/2/1 1824/3/1
f 1826/1/1 1827/2/1 1828/3/1
f 1830/1/1 1831/2/1 1832/3/1
f 1834/1/1 1835/2/1 1836/3/1
f 1838/1/1 1839/2/1 1840/3/1
f 1842/1/1 1843/2/1 1844/3/1
f 1846/1/1 1847/2/1 1848/3/1
f 1850/1/1 1851/2/1 1852/3/1
f 1854/1/1 1855/2/1 1856/3/1
f 1858/1/1 1859/2/1 1860/3/1
f 1862/1/1 1863/2/1 1864/3/1
f 1866/1/1 1867/2/1 1868/3/1
f 1870/1/1 1871/2/1 1872/3/1
f 1874/1/1 1875/2/1 1876/3/1
f 1878/1/1 1879/2/1 1880/3/1
f 1882/1/1 1883/2/1 1884/3/1
f 1886/1/1 1887/2/1 1888/3/1
f 1890/1/1 1891/2/1 1892/3/1
f 1894/1/1 1895/2/1 1896/3/1
f 1898/1/1 1899/2/1 1900/3/1
f 1902/1/1 1903/2/1 1904/3/1
f 1906/1/1 1907/2/1 1908/3/1
f 1910/1/1 1911/2/1 1912/3/1
f 1914/1/1 1915/2/1 1916/3/1
f 1918/1/1 1919/2/1 1920/3/1
f 1922/1/1 1923/2/1 1924/3/1
f 1926/1/1 1927/2/1 1928/3/1
f 1930/1/1 1931/2/1 1932/3/1
f 1934/1/1 1935/2/1 1936/3/1
f 1938/1/1 1939/2/1 1940/3/1
f 1942/1/1 1943/2/1 1944/3/1
f 1946/1/1 1947/2/1 1948/3/1
f 1950/1/1 1951/2/1 1952/3/1
f 1954/1/1 1955/2/1 1956/3/1
f 1958/1/1 1959/2/1 1960/3/1
f 1962/1/1 1963/2/1 1964/3/1
f 1966/1/1 1967/2/1 1968/3/1
f 1970/1/1 1971/2/1 1972/3/1
f 1974/1/1 1975/2/1 1976/3/1
f 1978/1/1 1979/2/1 1980/3/1
f 1982/1/1 1983/2/1 1984/3/1
f 1986/1/1 1987/2/1 1988/3/1
f 1990/1/1 1991/2/1 1992/3/1
f 1994/1/1 1995/2/1 1996/3/1
f 1998/1/1 1999/2/1 2000/3/1
f 2002/1/1 2003/2/1 2004/3/1
f 2006/1/1 2007/2/1 2008/3/1
f 2010/1/1 2011/2/1 2012/3/1
f 2014/1/1 2015/2/1 2016/3/1
f 2018/1/1 2019/2/1 2020/3/1
f 2022/1/1 2023/2/1 2024/3/1
f 2026/1/1 2027/2/1 2028/3/1
f 2030/1/1 2031/2/1 2032/3/1
f 2034/1/1 2035/2/1 2036/3/1
f 2038/1/1 2039/2/1 2040/3/1
f 2042/1/1 2043/2/1 2044/3/1
f 2046/1/1 2047/2/1 2048/3/1
f 2050/1/1 2051/2/1 2052/3/1
f 2054/1/1 2055/2/1 2056/3/1
f 2058/1/1 2059/2/1 2060/3/1
f 2064/3/1 2061/4/1 2063/2/1
f 2068/3/1 2065/4/1 2067/2/1
f 2070/1/1 2071/2/1 2072/3/1
f 2074/1/1 2075/2/1 2076/3/1
f 2078/1/1 2079/2/1 2080/3/1
f 2082/1/1 2083/2/1 2084/3/1
f 2086/1/1 2087/2/1 2088/3/1
f 2090/1/1 2091/2/1 2092/3/1
f 2094/1/1 2095/2/1 2096/3/1
f 2098/1/1 2099/2/1 2100/3/1
f 2104/3/1 2101/4/1 2103/2/1
f 2108/3/1 2105/4/1 2107/2/1
f 2112/3/1 2109/4/1 2111/2/1
f 2116/3/1 2113/4/1 2115/2/1
f 2118/1/1 2119/2/1 2120/3/1
f 2122/1/1 2123/2/1 2124/3/1
f 2126/1/1 2127/2/1 2128/3/1
f 2130/1/1 2131/2/1 2132/3/1
f 2134/1/1 2135/2/1 2136/3/1
f 2138/1/1 2139/2/1 2140/3/1
f 2142/1/1 2143/2/1 2144/3/1
f 2146/1/1 2147/2/1 2148/3/1
f 2150/1/1 2151/2/1 2152/3/1
f 2154/1/1 2155/2/1 2156/3/1
f 2158/1/1 2159/2/1 2160/3/1
f 2162/1/1 2163/2/1 2164/3/1
f 2166/1/1 2167/2/1 2168/3/1
f 2170/1/1 2171/2/1 2172/3/1
f 2174/1/1 2175/2/1 2176/3/1
f 2178/1/1 2179/2/1 2180/3/1
f 2182/1/1 2183/2/1 2184/3/1
f 2186/1/1 2187/2/1 2188/3/1
f 2190/1/1 2191/2/1 2192/3/1
f 2194/1/1 2195/2/1 2196/3/1
f 2198/1/1 2199/2/1 2200/3/1
f 2202/1/1 2203/2/1 2204/3/1
f 2206/1/1 2207/2/1 2208/3/1
f 2210/1/1 2211/2/1 2212/3/1
f 2214/1/1 2215/2/1 2216/3/1
f 2218/1/1 2219/2/1 2220/3/1
f 2222/1/1 2223/2/1 2224/3/1
f 2226/1/1 2227/2/1 2228/3/1
f 2230/1/1 2231/2/1 2232/3/1
f 2234/1/1 2235/2/1 2236/3/1
f 2238/1/1 2239/2/1 2240/3/1
f 2242/1/1 2243/2/1 2244/3/1
f 2246/1/1 2247/2/1 2248/3/1
f 2250/1/1 2251/2/1 2252/3/1
f 2254/1/1 2255/2/1 2256/3/1
f 2258/1/1 2259/2/1 2260/3/1
f 2262/1/1 2263/2/1 2264/3/1
f 2266/1/1 2267/2/1 2268/3/1
f 2270/1/1 2271/2/1 2272/3/1
f 2274/1/1 2275/2/1 2276/3/1
f 2278/1/1 2279/2/1 2280/3/1
f 2282/1/1 2283/2/1 2284/3/1
f 2286/1/1 2287/2/1 2288/3/1
f 2290/1/1 2291/2/1 2292/3/1
f 2294/1/1 2295/2/1 2296/3/1
f 2298/1/1 2299/2/1 2300/3/1
f 2302/1/1 2303/2/1 2304/3/1
f 2306/1/1 2307/2/1 2308/3/1
f 2310/1/1 2311/2/1 2312/3/1
f 2314/1/1 2315/2/1 2316/3/1
f 2318/1/1 2319/2/1 2320/3/1
f 2322/1/1 2323/2/1 2324/3/1
f 2326/1/1 2327/2/1 2328/3/1
f 2330/1/1 2331/2/1 2332/3/1
f 2334/1/1 2335/2/1 2336/3/1
f 2338/1/1 2339/2/1 2340/3/1
f 2342/1/1 2343/2/1 2344/3/1
f 2346/1/1 2347/2/1 2348/3/1
f 2350/1/1 2351/2/1 2352/3/1
f 2354/1/1 2355/2/1 2356/3/1
f 2358/1/1 2359/2/1 2360/3/1
f 2362/1/1 2363/2/1 2364/3/1
f 2366/1/1 2367/2/1 2368/3/1
f 2370/1/1 2371/2/1 2372/3/1
f 2374/1/1 2375/2/1 2376/3/1
f 2378/1/1 2379/2/1 2380/3/1
f 2382/1/1 2383/2/1 2384/3/1
f 2386/1/1 2387/2/1 2388/3/1
f 2390/1/1 2391/2/1 2392/3/1
f 2394/1/1 2395/2/1 2396/3/1
f 2398/1/1 2399/2/1 2400/3/1
f 2402/1/1 2403/2/1 2404/3/1
f 2406/1/1 2407/2/1 2408/3/1
f 2410/1/1 2411/2/1 2412/3/1
f 2414/1/1 2415/2/1 2416/3/1
f 2418/1/1 2419/2/1 2420/3/1
f 2422/1/1 2423/2/1 2424/3/1
f 2426/1/1 2427/2/1 2428/3/1
f 2430/1/1 2431/2/1 2432/3/1
f 2434/1/1 2435/2/1 2436/3/1
f 2438/1/1 2439/2/1 2440/3/1
f 2442/1/1 2443/2/1 2444/3/1
f 2446/1/1 2447/2/1 2448/3/1
f 2450/1/1 2451/2/1 2452/3/1
f 2454/1/1 2455/2/1 2456/3/1
f 2458/1/1 2459/2/1 2460/3/1
f 2462/1/1 2463/2/1 2464/3/1
f 2466/1/1 2467/2/1 2468/3/1
f 2470/1/1 2471/2/1 2472/3/1
f 2474/1/1 2475/2/1 2476/3/1
f 2478/1/1 2479/2/1 2480/3/1
f 2482/1/1 2483/2/1 2484/3/1
f 2486/1/1 2487/2/1 2488/3/1
f 2490/1/1 2491/2/1 2492/3/1
f 2494/1/1 2495/2/1 2496/3/1
f 2498/1/1 2499/2/1 2500/3/1
f 2502/1/1 2503/2/1 2504/3/1
f 2506/1/1 2507/2/1 2508/3/1
f 2510/1/1 2511/2/1 2512/3/1
f 2514/1/1 2515/2/1 2516/3/1
f 2518/1/1 2519/2/1 2520/3/1
f 2522/1/1 2523/2/1 2524/3/1
f 2526/1/1 2527/2/1 2528/3/1
f 2530/1/1 2531/2/1 2532/3/1
f 2534/1/1 2535/2/1 2536/3/1
f 2538/1/1 2539/2/1 2540/3/1
f 2542/1/1 2543/2/1 2544/3/1
f 2546/1/1 2547/2/1 2548/3/1
f 2550/1/1 2551/2/1 2552/3/1
f 2554/1/1 2555/2/1 2556/3/1
f 2558/1/1 2559/2/1 2560/3/1
f 2562/1/1 2563/2/1 2564/3/1
f 2566/1/1 2567/2/1 2568/3/1
f 2570/1/1 2571/2/1 2572/3/1
f 2574/1/1 2575/2/1 2576/3/1
f 2578/1/1 2579/2/1 2580/3/1
f 2582/1/1 2583/2/1 2584/3/1
f 2586/1/1 2587/2/1 2588/3/1
f 2590/1/1 2591/2/1 2592/3/1
f 2594/1/1 2595/2/1 2596/3/1
f 2598/1/1 2599/2/1 2600/3/1
f 2602/1/1 2603/2/1 2604/3/1
f 2606/1/1 2607/2/1 2608/3/1
f 2610/1/1 2611/2/1 2612/3/1
f 2614/1/1 2615/2/1 2616/3/1
f 2618/1/1 2619/2/1 2620/3/1
f 2622/1/1 2623/2/1 2624/3/1
f 2626/1/1 2627/2/1 2628/3/1
f 2630/1/1 2631/2/1 2632/3/1
f 2634/1/1 2635/2/1 2636/3/1
f 2638/1/1 2639/2/1 2640/3/1
f 2642/1/1 2643/2/1 2644/3/1
f 2646/1/1 2647/2/1 2648/3/1
f 2650/1/1 2651/2/1 2652/3/1
f 2654/1/1 2655/2/1 2656/3/1
f 2658/1/1 2659/2/1 2660/3/1
f 2662/1/1 2663/2/1 2664/3/1
f 2666/1/1 2667/2/1 2668/3/1
f 2670/1/1 2671/2/1 2672/3/1
f 2674/1/1 2675/2/1 2676/3/1
f 2678/1/1 2679/2/1 2680/3/1
f 2682/1/1 2683/2/1 2684/3/1
f 2686/1/1 2687/2/1 2688/3/1
f 2690/1/1 2691/2/1 2692/3/1
f 2694/1/1 2695/2/1 2696/3/1
f 2698/1/1 2699/2/1 2700/3/1
f 2702/1/1 2703/2/1 2704/3/1
f 2706/1/1 2707/2/1 2708/3/1
f 2710/1/1 2711/2/1 2712/3/1
f 2714/1/1 2715/2/1 2716/3/1
f 2718/1/1 2719/2/1 2720/3/1
f 2722/1/1 2723/2/1 2724/3/1
f 2726/1/1 2727/2/1 2728/3/1
f 2730/1/1 2731/2/1 2732/3/1
f 2734/1/1 2735/2/1 2736/3/1
f 2738/1/1 2739/2/1 2740/3/1
f 2742/1/1 2743/2/1 2744/3/1
f 2746/1/1 2747/2/1 2748/3/1
f 2750/1/1 2751/2/1 2752/3/1
f 2754/1/1 2755/2/1 2756/3/1
f 2758/1/1 2759/2/1 2760/3/1
f 2762/1/1 2763/2/1 2764/3/1
f 2766/1/1 2767/2/1 2768/3/1
f 2770/1/1 2771/2/1 2772/3/1
f 2774/1/1 2775/2/1 2776/3/1
f 2778/1/1 2779/2/1 2780/3/1
f 2782/1/1 2783/2/1 2784/3/1
f 2786/1/1 2787/2/1 2788/3/1
f 2790/1/1 2791/2/1 2792/3/1
f 2794/1/1 2795/2/1 2796/3/1
f 2798/1/1 2799/2/1 2800/3/1
f 2802/1/1 2803/2/1 2804/3/1
f 2806/1/1 2807/2/1 2808/3/1
f 2810/1/1 2811/2/1 2812/3/1
f 2814/1/1 2815/2/1 2816/3/1
f 2818/1/1 2819/2/1 2820/3/1
f 2822/1/1 2823/2/1 2824/3/1
f 2826/1/1 2827/2/1 2828/3/1
f 2830/1/1 2831/2/1 2832/3/1
f 2834/1/1 2835/2/1 2836/3/1
f 2838/1/1 2839/2/1 2840/3/1
f 2842/1/1 2843/2/1 2844/3/1
f 2846/1/1 2847/2/1 2848/3/1
f 2850/1/1 2851/2/1 2852/3/1
f 2854/1/1 2855/2/1 2856/3/1
f 2858/1/1 2859/2/1 2860/3/1
f 2862/1/1 2863/2/1 2864/3/1
f 2866/1/1 2867/2/1 2868/3/1
f 2870/1/1 2871/2/1 2872/3/1
f 2874/1/1 2875/2/1 2876/3/1
f 2878/1/1 2879/2/1 2880/3/1
f 2882/1/1 2883/2/1 2884/3/1
f 2886/1/1 2887/2/1 2888/3/1
f 2890/1/1 2891/2/1 2892/3/1
f 2894/1/1 2895/2/1 2896/3/1
f 2898/1/1 2899/2/1 2900/3/1
f 2902/1/1 2903/2/1 2904/3/1
f 2906/1/1 2907/2/1 2908/3/1
f 2910/1/1 2911/2/1 2912/3/1
f 2914/1/1 2915/2/1 2916/3/1
f 2918/1/1 2919/2/1 2920/3/1
f 2922/1/1 2923/2/1 2924/3/1
f 2926/1/1 2927/2/1 2928/3/1
f 2930/1/1 2931/2/1 2932/3/1
f 2934/1/1 2935/2/1 2936/3/1
f 2938/1/1 2939/2/1 2940/3/1
f 2942/1/1 2943/2/1 2944/3/1
f 2946/1/1 2947/2/1 2948/3/1
f 2950/1/1 2951/2/1 2952/3/1
f 2954/1/1 2955/2/1 2956/3/1
f 2958/1/1 2959/2/1 2960/3/1
f 2962/1/1 2963/2/1 2964/3/1
f 2966/1/1 2967/2/1 2968/3/1
f 2970/1/1 2971/2/1 2972/3/1
f 2974/1/1 2975/2/1 2976/3/1
f 2978/1/1 2979/2/1 2980/3/1
f 2982/1/1 2983/2/1 2984/3/1
f 2986/1/1 2987/2/1 2988/3/1
f 2990/1/1 2991/2/1 2992/3/1
f 2994/1/1 2995/2/1 2996/3/1
f 2998/1/1 2999/2/1 3000/3/1
f 3002/1/1 3003/2/1 3004/3/1
f 3006/1/1 3007/2/1 3008/3/1
f 3010/1/1 3011/2/1 3012/3/1
f 3014/1/1 3015/2/1 3016/3/1
f 3018/1/1 3019/2/1 3020/3/1
f 3022/1/1 3023/2/1 3024/3/1
f 3026/1/1 3027/2/1 3028/3/1
f 3030/1/1 3031/2/1 3032/3/1
f 3034/1/1 3035/2/1 3036/3/1
f 3038/1/1 3039/2/1 3040/3/1
f 3042/1/1 3043/2/1 3044/3/1
f 3046/1/1 3047/2/1 3048/3/1
f 3050/1/1 3051/2/1 3052/3/1
f 3054/1/1 3055/2/1 3056/3/1
f 3058/1/1 3059/2/1 3060/3/1
f 3062/1/1 3063/2/1 3064/3/1
f 3066/1/1 3067/2/1 3068/3/1
f 3070/1/1 3071/2/1 3072/3/1
f 3074/1/1 3075/2/1 3076/3/1
f 3078/1/1 3079/2/1 3080/3/1
f 3082/1/1 3083/2/1 3084/3/1
f 3086/1/1 3087/2/1 3088/3/1
f 3090/1/1 3091/2/1 3092/3/1
f 3094/1/1 3095/2/1 3096/3/1
f 3098/1/1 3099/2/1 3100/3/1
f 3102/1/1 3103/2/1 3104/3/1
f 3106/1/1 3107/2/1 3108/3/1
f 3110/1/1 3111/2/1 3112/3/1
f 3114/1/1 3115/2/1 3116/3/1
f 3118/1/1 3119/2/1 3120/3/1
f 3122/1/1 3123/2/1 3124/3/1
f 3126/1/1 3127/2/1 3128/3/1
f 3130/1/1 3131/2/1 3132/3/1
f 3134/1/1 3135/2/1 3136/3/1
f 3138/1/1 3139/2/1 3140/3/1
f 3142/1/1 3143/2/1 3144/3/1
f 3146/1/1 3147/2/1 3148/3/1
f 3150/1/1 3151/2/1 3152/3/1
f 3154/1/1 3155/2/1 3156/3/1
f 3158/1/1 3159/2/1 3160/3/1
f 3162/1/1 3163/2/1 3164/3/1
f 3166/1/1 3167/2/1 3168/3/1
f 3170/1/1 3171/2/1 3172/3/1
f 3174/1/1 3175/2/1 3176/3/1
f 3178/1/1 3179/2/1 3180/3/1
f 3182/1/1 3183/2/1 3184/3/1
f 3186/1/1 3187/2/1 3188/3/1
f 3190/1/1 3191/2/1 3192/3/1
f 3194/1/1 3195/2/1 3196/3/1
f 3198/1/1 3199/2/1 3200/3/1
f 2/1/1 1/4/1 3/2/1
f 6/1/1 5/4/1 7/2/1
f 10/1/1 9/4/1 11/2/1
f 14/1/1 13/4/1 15/2/1
f 18/1/1 17/4/1 19/2/1
f 22/1/1 21/4/1 23/2/1
f 26/1/1 25/4/1 27/2/1
f 30/1/1 29/4/1 31/2/1
f 34/1/1 33/4/1 35/2/1
f 38/1/1 37/4/1 39/2/1
f 42/1/1 41/4/1 43/2/1
f 46/1/1 45/4/1 47/2/1
f 50/1/1 49/4/1 51/2/1
f 54/1/1 53/4/1 55/2/1
f 58/1/1 57/4/1 59/2/1
f 62/1/1 61/4/1 63/2/1
f 66/1/1 65/4/1 67/2/1
f 70/1/1 69/4/1 71/2/1
f 74/1/1 73/4/1 75/2/1
f 78/1/1 77/4/1 79/2/1
f 82/1/1 81/4/1 83/2/1
f 86/1/1 85/4/1 87/2/1
f 90/1/1 89/4/1 91/2/1
f 94/1/1 93/4/1 95/2/1
f 98/1/1 97/4/1 99/2/1
f 102/1/1 101/4/1 103/2/1
f 106/1/1 105/4/1 107/2/1
f 110/1/1 109/4/1 111/2/1
f 114/1/1 113/4/1 115/2/1
f 118/1/1 117/4/1 119/2/1
f 122/1/1 121/4/1 123/2/1
f 126/1/1 125/4/1 127/2/1
f 130/1/1 129/4/1 131/2/1
f 134/1/1 133/4/1 135/2/1
f 138/1/1 137/4/1 139/2/1
f 142/1/1 141/4/1 143/2/1
f 146/1/1 145/4/1 147/2/1
f 150/1/1 149/4/1 151/2/1
f 154/1/1 153/4/1 155/2/1
f 158/1/1 157/4/1 159/2/1
f 162/1/1 161/4/1 163/2/1
f 166/1/1 165/4/1 167/2/1
f 170/1/1 169/4/1 171/2/1
f 174/1/1 173/4/1 175/2/1
f 178/1/1 177/4/1 179/2/1
f 182/1/1 181/4/1 183/2/1
f 186/1/1 185/4/1 187/2/1
f 190/1/1 189/4/1 191/2/1
f 194/1/1 193/4/1 195/2/1
f 198/1/1 197/4/1 199/2/1
f 202/1/1 201/4/1 203/2/1
f 206/1/1 205/4/1 207/2/1
f 210/1/1 209/4/1 211/2/1
f 214/1/1 213/4/1 215/2/1
f 218/1/1 217/4/1 219/2/1
f 222/1/1 221/4/1 223/2/1
f 226/1/1 225/4/1 227/2/1
f 230/1/1 229/4/1 231/2/1
f 234/1/1 233/4/1 235/2/1
f 238/1/1 237/4/1 239/2/1
f 242/1/1 241/4/1 243/2/1
f 246/1/1 245/4/1 247/2/1
f 250/1/1 249/4/1 251/2/1
f 254/1/1 253/4/1 255/2/1
f 258/1/1 257/4/1 259/2/1
f 262/1/1 261/4/1 263/2/1
f 266/1/1 265/4/1 267/2/1
f 270/1/1 269/4/1 271/2/1
f 274/1/1 273/4/1 275/2/1
f 278/1/1 277/4/1 279/2/1
f 282/1/1 281/4/1 283/2/1
f 286/1/1 285/4/1 287/2/1
f 290/1/1 289/4/1 291/2/1
f 294/1/1 293/4/1 295/2/1
f 298/1/1 297/4/1 299/2/1
f 302/1/1 301/4/1 303/2/1
f 306/1/1 305/4/1 307/2/1
f 310/1/1 309/4/1 311/2/1
f 314/1/1 313/4/1 315/2/1
f 318/1/1 317/4/1 319/2/1
f 322/1/1 321/4/1 323/2/1
f 326/1/1 325/4/1 327/2/1
f 330/1/1 329/4/1 331/2/1
f 334/1/1 333/4/1 335/2/1
f 338/1/1 337/4/1 339/2/1
f 342/1/1 341/4/1 343/2/1
f 346/1/1 345/4/1 347/2/1
f 350/1/1 349/4/1 351/2/1
f 354/1/1 353/4/1 355/2/1
f 358/1/1 357/4/1 359/2/1
f 362/1/1 361/4/1 363/2/1
f 366/1/1 365/4/1 367/2/1
f 370/1/1 369/4/1 371/2/1
f 374/1/1 373/4/1 375/2/1
f 378/1/1 377/4/1 379/2/1
f 382/1/1 381/4/1 383/2/1
f 386/1/1 385/4/1 387/2/1
f 390/1/1 389/4/1 391/2/1
f 394/1/1 393/4/1 395/2/1
f 398/1/1 397/4/1 399/2/1
f 402/1/1 401/4/1 403/2/1
f 406/1/1 405/4/1 407/2/1
f 410/1/1 409/4/1 411/2/1
f 414/1/1 413/4/1 415/2/1
f 418/1/1 417/4/1 419/2/1
f 422/1/1 421/4/1 423/2/1
f 426/1/1 425/4/1 427/2/1
f 430/1/1 429/4/1 431/2/1
f 434/1/1 433/4/1 435/2/1
f 438/1/1 437/4/1 439/2/1
f 442/1/1 441/4/1 443/2/1
f 446/1/1 445/4/1 447/2/1
f 450/1/1 449/4/1 451/2/1
f 454/1/1 453/4/1 455/2/1
f 458/1/1 457/4/1 459/2/1
f 462/1/1 461/4/1 463/2/1
f 466/1/1 465/4/1 467/2/1
f 470/1/1 469/4/1 471/2/1
f 474/1/1 473/4/1 475/2/1
f 478/1/1 477/4/1 479/2/1
f 482/1/1 481/4/1 483/2/1
f 486/1/1 485/4/1 487/2/1
f 490/1/1 489/4/1 491/2/1
f 494/1/1 493/4/1 495/2/1
f 498/1/1 497/4/1 499/2/1
f 502/1/1 501/4/1 503/2/1
f 506/1/1 505/4/1 507/2/1
f 510/1/1 509/4/1 511/2/1
f 514/1/1 513/4/1 515/2/1
f 518/1/1 517/4/1 519/2/1
f 522/1/1 521/4/1 523/2/1
f 526/1/1 525/4/1 527/2/1
f 530/1/1 529/4/1 531/2/1
f 534/1/1 533/4/1 535/2/1
f 538/1/1 537/4/1 539/2/1
f 542/1/1 541/4/1 543/2/1
f 546/1/1 545/4/1 547/2/1
f 550/1/1 549/4/1 551/2/1
f 554/1/1 553/4/1 555/2/1
f 558/1/1 557/4/1 559/2/1
f 562/1/1 561/4/1 563/2/1
f 566/1/1 565/4/1 567/2/1
f 570/1/1 569/4/1 571/2/1
f 574/1/1 573/4/1 575/2/1
f 578/1/1 577/4/1 579/2/1
f 582/1/1 581/4/1 583/2/1
f 586/1/1 585/4/1 587/2/1
f 590/1/1 589/4/1 591/2/1
f 594/1/1 593/4/1 595/2/1
f 598/1/1 597/4/1 599/2/1
f 602/1/1 601/4/1 603/2/1
f 606/1/1 605/4/1 607/2/1
f 610/1/1 609/4/1 611/2/1
f 614/1/1 613/4/1 615/2/1
f 618/1/1 617/4/1 619/2/1
f 622/1/1 621/4/1 623/2/1
f 626/1/1 625/4/1 627/2/1
f 630/1/1 629/4/1 631/2/1
f 634/1/1 633/4/1 635/2/1
f 638/1/1 637/4/1 639/2/1
f 642/1/1 641/4/1 643/2/1
f 646/1/1 645/4/1 647/2/1
f 650/1/1 649/4/1 651/2/1
f 654/1/1 653/4/1 655/2/1
f 658/1/1 657/4/1 659/2/1
f 662/1/1 661/4/1 663/2/1
f 666/1/1 665/4/1 667/2/1
f 670/1/1 669/4/1 671/2/1
f 674/1/1 673/4/1 675/2/1
f 678/1/1 677/4/1 679/2/1
f 682/1/1 681/4/1 683/2/1
f 686/1/1 685/4/1 687/2/1
f 690/1/1 689/4/1 691/2/1
f 694/1/1 693/4/1 695/2/1
f 698/1/1 697/4/1 699/2/1
f 702/1/1 701/4/1 703/2/1
f 706/1/1 705/4/1 707/2/1
f 710/1/1 709/4/1 711/2/1
f 714/1/1 713/4/1 715/2/1
f 718/1/1 717/4/1 719/2/1
f 722/1/1 721/4/1 723/2/1
f 726/1/1 725/4/1 727/2/1
f 730/1/1 729/4/1 731/2/1
f 734/1/1 733/4/1 735/2/1
f 738/1/1 737/4/1 739/2/1
f 742/1/1 741/4/1 743/2/1
f 746/1/1 745/4/1 747/2/1
f 750/1/1 749/4/1 751/2/1
f 754/1/1 753/4/1 755/2/1
f 758/1/1 757/4/1 759/2/1
f 762/1/1 761/4/1 763/2/1
f 766/1/1 765/4/1 767/2/1
f 770/1/1 769/4/1 771/2/1
f 774/1/1 773/4/1 775/2/1
f 778/1/1 777/4/1 779/2/1
f 782/1/1 781/4/1 783/2/1
f 786/1/1 785/4/1 787/2/1
f 790/1/1 789/4/1 791/2/1
f 794/1/1 793/4/1 795/2/1
f 798/1/1 797/4/1 799/2/1
f 802/1/1 801/4/1 803/2/1
f 808/3/1 806/1/1 805/4/1
f 810/1/1 809/4/1 811/2/1
f 814/1/1 813/4/1 815/2/1
f 818/1/1 817/4/1 819/2/1
f 822/1/1 821/4/1 823/2/1
f 826/1/1 825/4/1 827/2/1
f 830/1/1 829/4/1 831/2/1
f 834/1/1 833/4/1 835/2/1
f 838/1/1 837/4/1 839/2/1
f 842/1/1 841/4/1 843/2/1
f 846/1/1 845/4/1 847/2/1
f 850/1/1 849/4/1 851/2/1
f 854/1/1 853/4/1 855/2/1
f 858/1/1 857/4/1 859/2/1
f 862/1/1 861/4/1 863/2/1
f 866/1/1 865/4/1 867/2/1
f 870/1/1 869/4/1 871/2/1
f 874/1/1 873/4/1 875/2/1
f 878/1/1 877/4/1 879/2/1
f 882/1/1 881/4/1 883/2/1
f 888/3/1 886/1/1 885/4/1
f 890/1/1 889/4/1 891/2/1
f 894/1/1 893/4/1 895/2/1
f 898/1/1 897/4/1 899/2/1
f 902/1/1 901/4/1 903/2/1
f 906/1/1 905/4/1 907/2/1
f 910/1/1 909/4/1 911/2/1
f 914/1/1 913/4/1 915/2/1
f 918/1/1 917/4/1 919/2/1
f 922/1/1 921/4/1 923/2/1
f 926/1/1 925/4/1 927/2/1
f 930/1/1 929/4/1 931/2/1
f 934/1/1 933/4/1 935/2/1
f 938/1/1 937/4/1 939/2/1
f 942/1/1 941/4/1 943/2/1
f 946/1/1 945/4/1 947/2/1
f 950/1/1 949/4/1 951/2/1
f 954/1/1 953/4/1 955/2/1
f 958/1/1 957/4/1 959/2/1
f 962/1/1 961/4/1 963/2/1
f 968/3/1 966/1/1 965/4/1
f 970/1/1 969/4/1 971/2/1
f 974/1/1 973/4/1 975/2/1
f 978/1/1 977/4/1 979/2/1
f 982/1/1 981/4/1 983/2/1
f 986/1/1 985/4/1 987/2/1
f 990/1/1 989/4/1 991/2/1
f 994/1/1 993/4/1 995/2/1
f 998/1/1 997/4/1 999/2/1
f 1002/1/1 1001/4/1 1003/2/1
f 1006/1/1 1005/4/1 1007/2/1
f 1010/1/1 1009/4/1 1011/2/1
f 1014/1/1 1013/4/1 1015/2/1
f 1020/3/1 1018/1/1 1017/4/1
f 1022/1/1 1021/4/1 1023/2/1
f 1026/1/1 1025/4/1 1027/2/1
f 1030/1/1 1029/4/1 1031/2/1
f 1034/1/1 1033/4/1 1035/2/1
f 1038/1/1 1037/4/1 1039/2/1
f 1044/3/1 1042/1/1 1041/4/1
f 1048/3/1 1046/1/1 1045/4/1
f 1050/1/1 1049/4/1 1051/2/1
f 1054/1/1 1053/4/1 1055/2/1
f 1058/1/1 1057/4/1 1059/2/1
f 1062/1/1 1061/4/1 1063/2/1
f 1066/1/1 1065/4/1 1067/2/1
f 1070/1/1 1069/4/1 1071/2/1
f 1074/1/1 1073/4/1 1075/2/1
f 1078/1/1 1077/4/1 1079/2/1
f 1082/1/1 1081/4/1 1083/2/1
f 1086/1/1 1085/4/1 1087/2/1
f 1090/1/1 1089/4/1 1091/2/1
f 1094/1/1 1093/4/1 1095/2/1
f 1098/1/1 1097/4/1 1099/2/1
f 1102/1/1 1101/4/1 1103/2/1
f 1106/1/1 1105/4/1 1107/2/1
f 1110/1/1 1109/4/1 1111/2/1
f 1114/1/1 1113/4/1 1115/2/1
f 1118/1/1 1117/4/1 1119/2/1
f 1124/3/1 1122/1/1 1121/4/1
f 1128/3/1 1126/1/1 1125/4/1
f 1132/3/1 1130/1/1 1129/4/1
f 1134/1/1 1133/4/1 1135/2/1
f 1138/1/1 1137/4/1 1139/2/1
f 1142/1/1 1141/4/1 1143/2/1
f 1146/1/1 1145/4/1 1147/2/1
f 1150/1/1 1149/4/1 1151/2/1
f 1154/1/1 1153/4/1 1155/2/1
f 1158/1/1 1157/4/1 1159/2/1
f 1162/1/1 1161/4/1 1163/2/1
f 1168/3/1 1166/1/1 1165/4/1
f 1170/1/1 1169/4/1 1171/2/1
f 1176/3/1 1174/1/1 1173/4/1
f 1180/3/1 1178/1/1 1177/4/1
f 1182/1/1 1181/4/1 1183/2/1
f 1186/1/1 1185/4/1 1187/2/1
f 1190/1/1 1189/4/1 1191/2/1
f 1194/1/1 1193/4/1 1195/2/1
f 1198/1/1 1197/4/1 1199/2/1
f 1202/1/1 1201/4/1 1203/2/1
f 1206/1/1 1205/4/1 1207/2/1
f 1210/1/1 1209/4/1 1211/2/1
f 1214/1/1 1213/4/1 1215/2/1
f 1218/1/1 1217/4/1 1219/2/1
f 1222/1/1 1221/4/1 1223/2/1
f 1226/1/1 1225/4/1 1227/2/1
f 1230/1/1 1229/4/1 1231/2/1
f 1234/1/1 1233/4/1 1235/2/1
f 1238/1/1 1237/4/1 1239/2/1
f 1242/1/1 1241/4/1 1243/2/1
f 1246/1/1 1245/4/1 1247/2/1
f 1250/1/1 1249/4/1 1251/2/1
f 1254/1/1 1253/4/1 1255/2/1
f 1258/1/1 1257/4/1 1259/2/1
f 1262/1/1 1261/4/1 1263/2/1
f 1266/1/1 1265/4/1 1267/2/1
f 1270/1/1 1269/4/1 1271/2/1
f 1274/1/1 1273/4/1 1275/2/1
f 1278/1/1 1277/4/1 1279/2/1
f 1282/1/1 1281/4/1 1283/2/1
f 1286/1/1 1285/4/1 1287/2/1
f 1290/1/1 1289/4/1 1291/2/1
f 1294/1/1 1293/4/1 1295/2/1
f 1298/1/1 1297/4/1 1299/2/1
f 1302/1/1 1301/4/1 1303/2/1
f 1306/1/1 1305/4/1 1307/2/1
f 1310/1/1 1309/4/1 1311/2/1
f 1314/1/1 1313/4/1 1315/2/1
f 1318/1/1 1317/4/1 1319/2/1
f 1322/1/1 1321/4/1 1323/2/1
f 1326/1/1 1325/4/1 1327/2/1
f 1330/1/1 1329/4/1 1331/2/1
f 1334/1/1 1333/4/1 1335/2/1
f 1338/1/1 1337/4/1 1339/2/1
f 1342/1/1 1341/4/1 1343/2/1
f 1346/1/1 1345/4/1 1347/2/1
f 1350/1/1 1349/4/1 1351/2/1
f 1354/1/1 1353/4/1 1355/2/1
f 1358/1/1 1357/4/1 1359/2/1
f 1362/1/1 1361/4/1 1363/2/1
f 1366/1/1 1365/4/1 1367/2/1
f 1370/1/1 1369/4/1 1371/2/1
f 1374/1/1 1373/4/1 1375/2/1
f 1378/1/1 1377/4/1 1379/2/1
f 1382/1/1 1381/4/1 1383/2/1
f 1386/1/1 1385/4/1 1387/2/1
f 1392/3/1 1390/1/1 1389/4/1
f 1396/3/1 1394/1/1 1393/4/1
f 1398/1/1 1397/4/1 1399/2/1
f 1402/1/1 1401/4/1 1403/2/1
f 1408/3/1 1406/1/1 1405/4/1
f 1412/3/1 1410/1/1 1409/4/1
f 1414/1/1 1413/4/1 1415/2/1
f 1418/1/1 1417/4/1 1419/2/1
f 1422/1/1 1421/4/1 1423/2/1
f 1426/1/1 1425/4/1 1427/2/1
f 1430/1/1 1429/4/1 1431/2/1
f 1434/1/1 1433/4/1 1435/2/1
f 1438/1/1 1437/4/1 1439/2/1
f 1442/1/1 1441/4/1 1443/2/1
f 1448/3/1 1446/1/1 1445/4/1
f 1452/3/1 1450/1/1 1449/4/1
f 1454/1/1 1453/4/1 1455/2/1
f 1458/1/1 1457/4/1 1459/2/1
f 1462/1/1 1461/4/1 1463/2/1
f 1466/1/1 1465/4/1 1467/2/1
f 1470/1/1 1469/4/1 1471/2/1
f 1474/1/1 1473/4/1 1475/2/1
f 1480/3/1 1478/1/1 1477/4/1
f 1482/1/1 1481/4/1 1483/2/1
f 1486/1/1 1485/4/1 1487/2/1
f 1490/1/1 1489/4/1 1491/2/1
f 1494/1/1 1493/4/1 1495/2/1
f 1498/1/1 1497/4/1 1499/2/1
f 1502/1/1 1501/4/1 1503/2/1
f 1506/1/1 1505/4/1 1507/2/1
f 1512/3/1 1510/1/1 1509/4/1
f 1514/1/1 1513/4/1 1515/2/1
f 1518/1/1 1517/4/1 1519/2/1
f 1522/1/1 1521/4/1 1523/2/1
f 1526/1/1 1525/4/1 1527/2/1
f 1530/1/1 1529/4/1 1531/2/1
f 1534/1/1 1533/4/1 1535/2/1
f 1538/1/1 1537/4/1 1539/2/1
f 1542/1/1 1541/4/1 1543/2/1
f 1546/1/1 1545/4/1 1547/2/1
f 1550/1/1 1549/4/1 1551/2/1
f 1554/1/1 1553/4/1 1555/2/1
f 1560/3/1 1558/1/1 1557/4/1
f 1564/3/1 1562/1/1 1561/4/1
f 1566/1/1 1565/4/1 1567/2/1
f 1570/1/1 1569/4/1 1571/2/1
f 1574/1/1 1573/4/1 1575/2/1
f 1578/1/1 1577/4/1 1579/2/1
f 1582/1/1 1581/4/1 1583/2/1
f 1586/1/1 1585/4/1 1587/2/1
f 1590/1/1 1589/4/1 1591/2/1
f 1594/1/1 1593/4/1 1595/2/1
f 1598/1/1 1597/4/1 1599/2/1
f 1602/1/1 1601/4/1 1603/2/1
f 1606/1/1 1605/4/1 1607/2/1
f 1610/1/1 1609/4/1 1611/2/1
f 1614/1/1 1613/4/1 1615/2/1
f 1618/1/1 1617/4/1 1619/2/1
f 1622/1/1 1621/4/1 1623/2/1
f 1626/1/1 1625/4/1 1627/2/1
f 1630/1/1 1629/4/1 1631/2/1
f 1636/3/1 1634/1/1 1633/4/1
f 1638/1/1 1637/4/1 1639/2/1
f 1644/3/1 1642/1/1 1641/4/1
f 1648/3/1 1646/1/1 1645/4/1
f 1650/1/1 1649/4/1 1651/2/1
f 1654/1/1 1653/4/1 1655/2/1
f 1658/1/1 1657/4/1 1659/2/1
f 1662/1/1 1661/4/1 1663/2/1
f 1666/1/1 1665/4/1 1667/2/1
f 1670/1/1 1669/4/1 1671/2/1
f 1674/1/1 1673/4/1 1675/2/1
f 1678/1/1 1677/4/1 1679/2/1
f 1682/1/1 1681/4/1 1683/2/1
f 1686/1/1 1685/4/1 1687/2/1
f 1690/1/1 1689/4/1 1691/2/1
f 1694/1/1 1693/4/1 1695/2/1
f 1698/1/1 1697/4/1 1699/2/1
f 1702/1/1 1701/4/1 1703/2/1
f 1706/1/1 1705/4/1 1707/2/1
f 1710/1/1 1709/4/1 1711/2/1
f 1714/1/1 1713/4/1 1715/2/1
f 1718/1/1 1717/4/1 1719/2/1
f 1722/1/1 1721/4/1 1723/2/1
f 1726/1/1 1725/4/1 1727/2/1
f 1730/1/1 1729/4/1 1731/2/1
f 1734/1/1 1733/4/1 1735/2/1
f 1738/1/1 1737/4/1 1739/2/1
f 1742/1/1 1741/4/1 1743/2/1
f 1746/1/1 1745/4/1 1747/2/1
f 1750/1/1 1749/4/1 1751/2/1
f 1754/1/1 1753/4/1 1755/2/1
f 1758/1/1 1757/4/1 1759/2/1
f 1762/1/1 1761/4/1 1763/2/1
f 1766/1/1 1765/4/1 1767/2/1
f 1770/1/1 1769/4/1 1771/2/1
f 1774/1/1 1773/4/1 1775/2/1
f 1778/1/1 1777/4/1 1779/2/1
f 1782/1/1 1781/4/1 1783/2/1
f 1786/1/1 1785/4/1 1787/2/1
f 1790/1/1 1789/4/1 1791/2/1
f 1794/1/1 1793/4/1 1795/2/1
f 1798/1/1 1797/4/1 1799/2/1
f 1802/1/1 1801/4/1 1803/2/1
f 1806/1/1 1805/4/1 1807/2/1
f 1810/1/1 1809/4/1 1811/2/1
f 1814/1/1 1813/4/1 1815/2/1
f 1818/1/1 1817/4/1 1819/2/1
f 1822/1/1 1821/4/1 1823/2/1
f 1826/1/1 1825/4/1 1827/2/1
f 1830/1/1 1829/4/1 1831/2/1
f 1834/1/1 1833/4/1 1835/2/1
f 1838/1/1 1837/4/1 1839/2/1
f 1842/1/1 1841/4/1 1843/2/1
f 1846/1/1 1845/4/1 1847/2/1
f 1850/1/1 1849/4/1 1851/2/1
f 1854/1/1 1853/4/1 1855/2/1
f 1858/1/1 1857/4/1 1859/2/1
f 1862/1/1 1861/4/1 1863/2/1
f 1866/1/1 1865/4/1 1867/2/1
f 1870/1/1 1869/4/1 1871/2/1
f 1874/1/1 1873/4/1 1875/2/1
f 1878/1/1 1877/4/1 1879/2/1
f 1882/1/1 1881/4/1 1883/2/1
f 1886/1/1 1885/4/1 1887/2/1
f 1890/1/1 1889/4/1 1891/2/1
f 1894/1/1 1893/4/1 1895/2/1
f 1898/1/1 1897/4/1 1899/2/1
f 1902/1/1 1901/4/1 1903/2/1
f 1906/1/1 1905/4/1 1907/2/1
f 1910/1/1 1909/4/1 1911/2/1
f 1914/1/1 1913/4/1 1915/2/1
f 1918/1/1 1917/4/1 1919/2/1
f 1922/1/1 1921/4/1 1923/2/1
f 1926/1/1 1925/4/1 1927/2/1
f 1930/1/1 1929/4/1 1931/2/1
f 1934/1/1 1933/4/1 1935/2/1
f 1938/1/1 1937/4/1 1939/2/1
f 1942/1/1 1941/4/1 1943/2/1
f 1946/1/1 1945/4/1 1947/2/1
f 1950/1/1 1949/4/1 1951/2/1
f 1954/1/1 1953/4/1 1955/2/1
f 1958/1/1 1957/4/1 1959/2/1
f 1962/1/1 1961/4/1 1963/2/1
f 1966/1/1 1965/4/1 1967/2/1
f 1970/1/1 1969/4/1 1971/2/1
f 1974/1/1 1973/4/1 1975/2/1
f 1978/1/1 1977/4/1 1979/2/1
f 1982/1/1 1981/4/1 1983/2/1
f 1986/1/1 1985/4/1 1987/2/1
f 1990/1/1 1989/4/1 1991/2/1
f 1994/1/1 1993/4/1 1995/2/1
f 1998/1/1 1997/4/1 1999/2/1
f 2002/1/1 2001/4/1 2003/2/1
f 2006/1/1 2005/4/1 2007/2/1
f 2010/1/1 2009/4/1 2011/2/1
f 2014/1/1 2013/4/1 2015/2/1
f 2018/1/1 2017/4/1 2019/2/1
f 2022/1/1 2021/4/1 2023/2/1
f 2026/1/1 2025/4/1 2027/2/1
f 2030/1/1 2029/4/1 2031/2/1
f 2034/1/1 2033/4/1 2035/2/1
f 2038/1/1 2037/4/1 2039/2/1
f 2042/1/1 2041/4/1 2043/2/1
f 2046/1/1 2045/4/1 2047/2/1
f 2050/1/1 2049/4/1 2051/2/1
f 2054/1/1 2053/4/1 2055/2/1
f 2058/1/1 2057/4/1 2059/2/1
f 2064/3/1 2062/1/1 2061/4/1
f 2068/3/1 2066/1/1 2065/4/1
f 2070/1/1 2069/4/1 2071/2/1
f 2074/1/1 2073/4/1 2075/2/1
f 2078/1/1 2077/4/1 2079/2/1
f 2082/1/1 2081/4/1 2083/2/1
f 2086/1/1 2085/4/1 2087/2/1
f 2090/1/1 2089/4/1 2091/2/1
f 2094/1/1 2093/4/1 2095/2/1
f 2098/1/1 2097/4/1 2099/2/1
f 2104/3/1 2102/1/1 2101/4/1
f 2108/3/1 2106/1/1 2105/4/1
f 2112/3/1 2110/1/1 2109/4/1
f 2116/3/1 2114/1/1 2113/4/1
f 2118/1/1 2117/4/1 2119/2/1
f 2122/1/1 2121/4/1 2123/2/1
f 2126/1/1 2125/4/1 2127/2/1
f 2130/1/1 2129/4/1 2131/2/1
f 2134/1/1 2133/4/1 2135/2/1
f 2138/1/1 2137/4/1 2139/2/1
f 2142/1/1 2141/4/1 2143/2/1
f 2146/1/1 2145/4/1 2147/2/1
f 2150/1/1 2149/4/1 2151/2/1
f 2154/1/1 2153/4/1 2155/2/1
f 2158/1/1 2157/4/1 2159/2/1
f 2162/1/1 2161/4/1 2163/2/1
f 2166/1/1 2165/4/1 2167/2/1
f 2170/1/1 2169/4/1 2171/2/1
f 2174/1/1 2173/4/1 2175/2/1
f 2178/1/1 2177/4/1 2179/2/1
f 2182/1/1 2181/4/1 2183/2/1
f 2186/1/1 2185/4/1 2187/2/1
f 2190/1/1 2189/4/1 2191/2/1
f 2194/1/1 2193/4/1 2195/2/1
f 2198/1/1 2197/4/1 2199/2/1
f 2202/1/1 2201/4/1 2203/2/1
f 2206/1/1 2205/4/1 2207/2/1
f 2210/1/1 2209/4/1 2211/2/1
f 2214/1/1 2213/4/1 2215/2/1
f 2218/1/1 2217/4/1 2219/2/1
f 2222/1/1 2221/4/1 2223/2/1
f 2226/1/1 2225/4/1 2227/2/1
f 2230/1/1 2229/4/1 2231/2/1
f 2234/1/1 2233/4/1 2235/2/1
f 2238/1/1 2237/4/1 2239/2/1
f 2242/1/1 2241/4/1 2243/2/1
f 2246/1/1 2245/4/1 2247/2/1
f 2250/1/1 2249/4/1 2251/2/1
f 2254/1/1 2253/4/1 2255/2/1
f 2258/1/1 2257/4/1 2259/2/1
f 2262/1/1 2261/4/1 2263/2/1
f 2266/1/1 2265/4/1 2267/2/1
f 2270/1/1 2269/4/1 2271/2/1
f 2274/1/1 2273/4/1 2275/2/1
f 2278/1/1 2277/4/1 2279/2/1
f 2282/1/1 2281/4/1 2283/2/1
f 2286/1/1 2285/4/1 2287/2/1
f 2290/1/1 2289/4/1 2291/2/1
f 2294/1/1 2293/4/1 2295/2/1
f 2298/1/1 2297/4/1 2299/2/1
f 2302/1/1 2301/4/1 2303/2/1
f 2306/1/1 2305/4/1 2307/2/1
f 2310/1/1 2309/4/1 2311/2/1
f 2314/1/1 2313/4/1 2315/2/1
f 2318/1/1 2317/4/1 2319/2/1
f 2322/1/1 2321/4/1 2323/2/1
f 2326/1/1 2325/4/1 2327/2/1
f 2330/1/1 2329/4/1 2331/2/1
f 2334/1/1 2333/4/1 2335/2/1
f 2338/1/1 2337/4/1 2339/2/1
f 2342/1/1 2341/4/1 2343/2/1
f 2346/1/1 2345/4/1 2347/2/1
f 2350/1/1 2349/4/1 2351/2/1
f 2354/1/1 2353/4/1 2355/2/1
f 2358/1/1 2357/4/1 2359/2/1
f 2362/1/1 2361/4/1 2363/2/1
f 2366/1/1 2365/4/1 2367/2/1
f 2370/1/1 2369/4/1 2371/2/1
f 2374/1/1 2373/4/1 2375/2/1
f 2378/1/1 2377/4/1 2379/2/1
f 2382/1/1 2381/4/1 2383/2/1
f 2386/1/1 2385/4/1 2387/2/1
f 2390/1/1 2389/4/1 2391/2/1
f 2394/1/1 2393/4/1 2395/2/1
f 2398/1/1 2397/4/1 2399/2/1
f 2402/1/1 2401/4/1 2403/2/1
f 2406/1/1 2405/4/1 2407/2/1
f 2410/1/1 2409/4/1 2411/2/1
f 2414/1/1 2413/4/1 2415/2/1
f 2418/1/1 2417/4/1 2419/2/1
f 2422/1/1 2421/4/1 2423/2/1
f 2426/1/1 2425/4/1 2427/2/1
f 2430/1/1 2429/4/1 2431/2/1
f 2434/1/1 2433/4/1 2435/2/1
f 2438/1/1 2437/4/1 2439/2/1
f 2442/1/1 2441/4/1 2443/2/1
f 2446/1/1 2445/4/1 2447/2/1
f 2450/1/1 2449/4/1 2451/2/1
f 2454/1/1 2453/4/1 2455/2/1
f 2458/1/1 2457/4/1 2459/2/1
f 2462/1/1 2461/4/1 2463/2/1
f 2466/1/1 2465/4/1 2467/2/1
f 2470/1/1 2469/4/1 2471/2/1
f 2474/1/1 2473/4/1 2475/2/1
f 2478/1/1 2477/4/1 2479/2/1
f 2482/1/1 2481/4/1 2483/2/1
f 2486/1/1 2485/4/1 2487/2/1
f 2490/1/1 2489/4/1 2491/2/1
f 2494/1/1 2493/4/1 2495/2/1
f 2498/1/1 2497/4/1 2499/2/1
f 2502/1/1 2501/4/1 2503/2/1
f 2506/1/1 2505/4/1 2507/2/1
f 2510/1/1 2509/4/1 2511/2/1
f 2514/1/1 2513/4/1 2515/2/1
f 2518/1/1 2517/4/1 2519/2/1
f 2522/1/1 2521/4/1 2523/2/1
f 2526/1/1 2525/4/1 2527/2/1
f 2530/1/1 2529/4/1 2531/2/1
f 2534/1/1 2533/4/1 2535/2/1
f 2538/1/1 2537/4/1 2539/2/1
f 2542/1/1 2541/4/1 2543/2/1
f 2546/1/1 2545/4/1 2547/2/1
f 2550/1/1 2549/4/1 2551/2/1
f 2554/1/1 2553/4/1 2555/2/1
f 2558/1/1 2557/4/1 2559/2/1
f 2562/1/1 2561/4/1 2563/2/1
f 2566/1/1 2565/4/1 2567/2/1
f 2570/1/1 2569/4/1 2571/2/1
f 2574/1/1 2573/4/1 2575/2/1
f 2578/1/1 2577/4/1 2579/2/1
f 2582/1/1 2581/4/1 2583/2/1
f 2586/1/1 2585/4/1 2587/2/1
f 2590/1/1 2589/4/1 2591/2/1
f 2594/1/1 2593/4/1 2595/2/1
f 2598/1/1 2597/4/1 2599/2/1
f 2602/1/1 2601/4/1 2603/2/1
f 2606/1/1 2605/4/1 2607/2/1
f 2610/1/1 2609/4/1 2611/2/1
f 2614/1/1 2613/4/1 2615/2/1
f 2618/1/1 2617/4/1 2619/2/1
f 2622/1/1 2621/4/1 2623/2/1
f 2626/1/1 2625/4/1 2627/2/1
f 2630/1/1 2629/4/1 2631/2/1
f 2634/1/1 2633/4/1 2635/2/1
f 2638/1/1 2637/4/1 2639/2/1
f 2642/1/1 2641/4/1 2643/2/1
f 2646/1/1 2645/4/1 2647/2/1
f 2650/1/1 2649/4/1 2651/2/1
f 2654/1/1 2653/4/1 2655/2/1
f 2658/1/1 2657/4/1 2659/2/1
f 2662/1/1 2661/4/1 2663/2/1
f 2666/1/1 2665/4/1 2667/2/1
f 2670/1/1 2669/4/1 2671/2/1
f 2674/1/1 2673/4/1 2675/2/1
f 2678/1/1 2677/4/1 2679/2/1
f 2682/1/1 2681/4/1 2683/2/1
f 2686/1/1 2685/4/1 2687/2/1
f 2690/1/1 2689/4/1 2691/2/1
f 2694/1/1 2693/4/1 2695/2/1
f 2698/1/1 2697/4/1 2699/2/1
f 2702/1/1 2701/4/1 2703/2/1
f 2706/1/1 2705/4/1 2707/2/1
f 2710/1/1 2709/4/1 2711/2/1
f 2714/1/1 2713/4/1 2715/2/1
f 2718/1/1 2717/4/1 2719/2/1
f 2722/1/1 2721/4/1 2723/2/1
f 2726/1/1 2725/4/1 2727/2/1
f 2730/1/1 2729/4/1 2731/2/1
f 2734/1/1 2733/4/1 2735/2/1
f 2738/1/1 2737/4/1 2739/2/1
f 2742/1/1 2741/4/1 2743/2/1
f 2746/1/1 2745/4/1 2747/2/1
f 2750/1/1 2749/4/1 2751/2/1
f 2754/1/1 2753/4/1 2755/2/1
f 2758/1/1 2757/4/1 2759/2/1
f 2762/1/1 2761/4/1 2763/2/1
f 2766/1/1 2765/4/1 2767/2/1
f 2770/1/1 2769/4/1 2771/2/1
f 2774/1/1 2773/4/1 2775/2/1
f 2778/1/1 2777/4/1 2779/2/1
f 2782/1/1 2781/4/1 2783/2/1
f 2786/1/1 2785/4/1 2787/2/1
f 2790/1/1 2789/4/1 2791/2/1
f 2794/1/1 2793/4/1 2795/2/1
f 2798/1/1 2797/4/1 2799/2/1
f 2802/1/1 2801/4/1 2803/2/1
f 2806/1/1 2805/4/1 2807/2/1
f 2810/1/1 2809/4/1 2811/2/1
f 2814/1/1 2813/4/1 2815/2/1
f 2818/1/1 2817/4/1 2819/2/1
f 2822/1/1 2821/4/1 2823/2/1
f 2826/1/1 2825/4/1 2827/2/1
f 2830/1/1 2829/4/1 2831/2/1
f 2834/1/1 2833/4/1 2835/2/1
f 2838/1/1 2837/4/1 2839/2/1
f 2842/1/1 2841/4/1 2843/2/1
f 2846/1/1 2845/4/1 2847/2/1
f 2850/1/1 2849/4/1 2851/2/1
f 2854/1/1 2853/4/1 2855/2/1
f 2858/1/1 2857/4/1 2859/2/1
f 2862/1/1 2861/4/1 2863/2/1
f 2866/1/1 2865/4/1 2867/2/1
f 2870/1/1 2869/4/1 2871/2/1
f 2874/1/1 2873/4/1 2875/2/1
f 2878/1/1 2877/4/1 2879/2/1
f 2882/1/1 2881/4/1 2883/2/1
f 2886/1/1 2885/4/1 2887/2/1
f 2890/1/1 2889/4/1 2891/2/1
f 2894/1/1 2893/4/1 2895/2/1
f 2898/1/1 2897/4/1 2899/2/1
f 2902/1/1 2901/4/1 2903/2/1
f 2906/1/1 2905/4/1 2907/2/1
f 2910/1/1 2909/4/1 2911/2/1
f 2914/1/1 2913/4/1 2915/2/1
f 2918/1/1 2917/4/1 2919/2/1
f 2922/1/1 2921/4/1 2923/2/1
f 2926/1/1 2925/4/1 2927/2/1
f 2930/1/1 2929/4/1 2931/2/1
f 2934/1/1 2933/4/1 2935/2/1
f 2938/1/1 2937/4/1 2939/2/1
f 2942/1/1 2941/4/1 2943/2/1
f 2946/1/1 2945/4/1 2947/2/1
f 2950/1/1 2949/4/1 2951/2/1
f 2954/1/1 2953/4/1 2955/2/1
f 2958/1/1 2957/4/1 2959/2/1
f 2962/1/1 2961/4/1 2963/2/1
f 2966/1/1 2965/4/1 2967/2/1
f 2970/1/1 2969/4/1 2971/2/1
f 2974/1/1 2973/4/1 2975/2/1
f 2978/1/1 2977/4/1 2979/2/1
f 2982/1/1 2981/4/1 2983/2/1
f 2986/1/1 2985/4/1 2987/2/1
f 2990/1/1 2989/4/1 2991/2/1
f 2994/1/1 2993/4/1 2995/2/1
f 2998/1/1 2997/4/1 2999/2/1
f 3002/1/1 3001/4/1 3003/2/1
f 3006/1/1 3005/4/1 3007/2/1
f 3010/1/1 3009/4/1 3011/2/1
f 3014/1/1 3013/4/1 3015/2/1
f 3018/1/1 3017/4/1 3019/2/1
f 3022/1/1 3021/4/1 3023/2/1
f 3026/1/1 3025/4/1 3027/2/1
f 3030/1/1 3029/4/1 3031/2/1
f 3034/1/1 3033/4/1 3035/2/1
f 3038/1/1 3037/4/1 3039/2/1
f 3042/1/1 3041/4/1 3043/2/1
f 3046/1/1 3045/4/1 3047/2/1
f 3050/1/1 3049/4/1 3051/2/1
f 3054/1/1 3053/4/1 3055/2/1
f 3058/1/1 3057/4/1 3059/2/1
f 3062/1/1 3061/4/1 3063/2/1
f 3066/1/1 3065/4/1 3067/2/1
f 3070/1/1 3069/4/1 3071/2/1
f 3074/1/1 3073/4/1 3075/2/1
f 3078/1/1 3077/4/1 3079/2/1
f 3082/1/1 3081/4/1 3083/2/1
f 3086/1/1 3085/4/1 3087/2/1
f 3090/1/1 3089/4/1 3091/2/1
f 3094/1/1 3093/4/1 3095/2/1
f 3098/1/1 3097/4/1 3099/2/1
f 3102/1/1 3101/4/1 3103/2/1
f 3106/1/1 3105/4/1 3107/2/1
f 3110/1/1 3109/4/1 3111/2/1
f 3114/1/1 3113/4/1 3115/2/1
f 3118/1/1 3117/4/1 3119/2/1
f 3122/1/1 3121/4/1 3123/2/1
f 3126/1/1 3125/4/1 3127/2/1
f 3130/1/1 3129/4/1 3131/2/1
f 3134/1/1 3133/4/1 3135/2/1
f 3138/1/1 3137/4/1 3139/2/1
f 3142/1/1 3141/4/1 3143/2/1
f 3146/1/1 3145/4/1 3147/2/1
f 3150/1/1 3149/4/1 3151/2/1
f 3154/1/1 3153/4/1 3155/2/1
f 3158/1/1 3157/4/1 3159/2/1
f 3162/1/1 3161/4/1 3163/2/1
f 3166/1/1 3165/4/1 3167/2/1
f 3170/1/1 3169/4/1 3171/2/1
f 3174/1/1 3173/4/1 3175/2/1
f 3178/1/1 3177/4/1 3179/2/1
f 3182/1/1 3181/4/1 3183/2/1
f 3186/1/1 3185/4/1 3187/2/1
f 3190/1/1 3189/4/1 3191/2/1
f 3194/1/1 3193/4/1 3195/2/1
f 3198/1/1 3197/4/1 3199/2/1
